Capacity(%),Area,O/C,Count,LastUpdated
18%,MAC Weight Room,(Open),Last Count: 10,Updated: 08/18/2021 07:06 PM
9%,Lower Weight Room,(Open),Last Count: 18,Updated: 08/18/2021 07:06 PM
0%,Pool,(Open),Last Count: 2,Updated: 08/18/2021 07:06 PM
15%,Squash Court,(Open),Last Count: 3,Updated: 08/18/2021 07:11 PM
0%,Pool Deck,(Open),Last Count: 0,Updated: 08/18/2021 07:06 PM
2%,Racquetball Courts,(Open),Last Count: 2,Updated: 08/18/2021 07:11 PM
6%,Power Training Platforms,(Open),Last Count: 3,Updated: 08/18/2021 07:06 PM
0%,Pool Lawn,(Open),Last Count: 0,Updated: 08/18/2021 07:06 PM
0%,Cardio Equipment,(Open),Last Count: 0,Updated: 08/18/2021 07:11 PM
2%,Spa,(Open),Last Count: 1,Updated: 08/18/2021 07:06 PM
0%,Weight Equipment,(Open),Last Count: 0,Updated: 08/18/2021 07:11 PM
0%,Outdoor Volleyball,(Open),Last Count: 0,Updated: 08/18/2021 07:06 PM
18%,MAC Weight Room,(Open),Last Count: 10,Updated: 08/18/2021 07:06 PM
9%,Lower Weight Room,(Open),Last Count: 18,Updated: 08/18/2021 07:06 PM
0%,Pool,(Open),Last Count: 2,Updated: 08/18/2021 07:06 PM
15%,Squash Court,(Open),Last Count: 3,Updated: 08/18/2021 07:11 PM
0%,Pool Deck,(Open),Last Count: 0,Updated: 08/18/2021 07:06 PM
2%,Racquetball Courts,(Open),Last Count: 2,Updated: 08/18/2021 07:11 PM
6%,Power Training Platforms,(Open),Last Count: 3,Updated: 08/18/2021 07:06 PM
0%,Pool Lawn,(Open),Last Count: 0,Updated: 08/18/2021 07:06 PM
0%,Cardio Equipment,(Open),Last Count: 0,Updated: 08/18/2021 07:11 PM
2%,Spa,(Open),Last Count: 1,Updated: 08/18/2021 07:06 PM
0%,Weight Equipment,(Open),Last Count: 0,Updated: 08/18/2021 07:11 PM
0%,Outdoor Volleyball,(Open),Last Count: 0,Updated: 08/18/2021 07:06 PM
18%,MAC Weight Room,(Open),Last Count: 10,Updated: 08/18/2021 07:06 PM
9%,Lower Weight Room,(Open),Last Count: 18,Updated: 08/18/2021 07:06 PM
0%,Pool,(Open),Last Count: 2,Updated: 08/18/2021 07:06 PM
15%,Squash Court,(Open),Last Count: 3,Updated: 08/18/2021 07:11 PM
0%,Pool Deck,(Open),Last Count: 0,Updated: 08/18/2021 07:06 PM
2%,Racquetball Courts,(Open),Last Count: 2,Updated: 08/18/2021 07:11 PM
6%,Power Training Platforms,(Open),Last Count: 3,Updated: 08/18/2021 07:06 PM
0%,Pool Lawn,(Open),Last Count: 0,Updated: 08/18/2021 07:06 PM
0%,Cardio Equipment,(Open),Last Count: 0,Updated: 08/18/2021 07:11 PM
2%,Spa,(Open),Last Count: 1,Updated: 08/18/2021 07:06 PM
0%,Weight Equipment,(Open),Last Count: 0,Updated: 08/18/2021 07:11 PM
0%,Outdoor Volleyball,(Open),Last Count: 0,Updated: 08/18/2021 07:06 PM
7%,MAC Weight Room,(Open),Last Count: 4,Updated: 08/19/2021 12:25 PM
2%,Lower Weight Room,(Open),Last Count: 4,Updated: 08/19/2021 12:25 PM
0%,Pool,(Open),Last Count: 0,Updated: 08/19/2021 12:25 PM
15%,Squash Court,(Open),Last Count: 3,Updated: 08/18/2021 07:11 PM
0%,Pool Deck,(Open),Last Count: 0,Updated: 08/19/2021 12:25 PM
2%,Racquetball Courts,(Open),Last Count: 2,Updated: 08/18/2021 07:11 PM
4%,Power Training Platforms,(Open),Last Count: 2,Updated: 08/19/2021 12:26 PM
1%,Pool Lawn,(Open),Last Count: 2,Updated: 08/19/2021 12:26 PM
0%,Cardio Equipment,(Open),Last Count: 0,Updated: 08/18/2021 07:11 PM
0%,Spa,(Open),Last Count: 0,Updated: 08/19/2021 12:26 PM
0%,Weight Equipment,(Open),Last Count: 0,Updated: 08/18/2021 07:11 PM
0%,Outdoor Volleyball,(Open),Last Count: 0,Updated: 08/19/2021 12:26 PM
7%,MAC Weight Room,(Open),Last Count: 4,Updated: 08/19/2021 12:25 PM
2%,Lower Weight Room,(Open),Last Count: 4,Updated: 08/19/2021 12:25 PM
0%,Pool,(Open),Last Count: 0,Updated: 08/19/2021 12:25 PM
0%,Squash Court,(Open),Last Count: 0,Updated: 08/19/2021 12:50 PM
0%,Pool Deck,(Open),Last Count: 0,Updated: 08/19/2021 12:25 PM
0%,Racquetball Courts,(Open),Last Count: 0,Updated: 08/19/2021 12:50 PM
4%,Power Training Platforms,(Open),Last Count: 2,Updated: 08/19/2021 12:26 PM
1%,Pool Lawn,(Open),Last Count: 2,Updated: 08/19/2021 12:26 PM
0%,Cardio Equipment,(Open),Last Count: 0,Updated: 08/19/2021 12:50 PM
0%,Spa,(Open),Last Count: 0,Updated: 08/19/2021 12:26 PM
0%,Weight Equipment,(Open),Last Count: 0,Updated: 08/19/2021 12:50 PM
0%,Outdoor Volleyball,(Open),Last Count: 0,Updated: 08/19/2021 12:26 PM
7%,MAC Weight Room,(Open),Last Count: 4,Updated: 08/19/2021 12:25 PM
2%,Lower Weight Room,(Open),Last Count: 4,Updated: 08/19/2021 12:25 PM
0%,Pool,(Open),Last Count: 0,Updated: 08/19/2021 12:25 PM
0%,Squash Court,(Open),Last Count: 0,Updated: 08/19/2021 12:50 PM
0%,Pool Deck,(Open),Last Count: 0,Updated: 08/19/2021 12:25 PM
0%,Racquetball Courts,(Open),Last Count: 0,Updated: 08/19/2021 12:50 PM
4%,Power Training Platforms,(Open),Last Count: 2,Updated: 08/19/2021 12:26 PM
1%,Pool Lawn,(Open),Last Count: 2,Updated: 08/19/2021 12:26 PM
0%,Cardio Equipment,(Open),Last Count: 0,Updated: 08/19/2021 12:50 PM
0%,Spa,(Open),Last Count: 0,Updated: 08/19/2021 12:26 PM
0%,Weight Equipment,(Open),Last Count: 0,Updated: 08/19/2021 12:50 PM
0%,Outdoor Volleyball,(Open),Last Count: 0,Updated: 08/19/2021 12:26 PM
4%,MAC Weight Room,(Open),Last Count: 2,Updated: 08/19/2021 04:11 PM
3%,Lower Weight Room,(Open),Last Count: 6,Updated: 08/19/2021 04:11 PM
0%,Pool,(Open),Last Count: 0,Updated: 08/19/2021 04:11 PM
0%,Squash Court,(Open),Last Count: 0,Updated: 08/19/2021 04:07 PM
0%,Pool Deck,(Open),Last Count: 0,Updated: 08/19/2021 04:11 PM
0%,Racquetball Courts,(Open),Last Count: 0,Updated: 08/19/2021 04:07 PM
4%,Power Training Platforms,(Open),Last Count: 2,Updated: 08/19/2021 04:11 PM
0%,Pool Lawn,(Open),Last Count: 0,Updated: 08/19/2021 04:11 PM
1%,Cardio Equipment,(Open),Last Count: 1,Updated: 08/19/2021 04:07 PM
0%,Spa,(Open),Last Count: 0,Updated: 08/19/2021 04:11 PM
0%,Weight Equipment,(Open),Last Count: 0,Updated: 08/19/2021 04:07 PM
0%,Outdoor Volleyball,(Open),Last Count: 0,Updated: 08/19/2021 04:11 PM
4%,MAC Weight Room,(Open),Last Count: 2,Updated: 08/19/2021 04:11 PM
3%,Lower Weight Room,(Open),Last Count: 6,Updated: 08/19/2021 04:11 PM
0%,Pool,(Open),Last Count: 0,Updated: 08/19/2021 04:11 PM
0%,Squash Court,(Open),Last Count: 0,Updated: 08/19/2021 04:07 PM
0%,Pool Deck,(Open),Last Count: 0,Updated: 08/19/2021 04:11 PM
0%,Racquetball Courts,(Open),Last Count: 0,Updated: 08/19/2021 04:07 PM
4%,Power Training Platforms,(Open),Last Count: 2,Updated: 08/19/2021 04:11 PM
0%,Pool Lawn,(Open),Last Count: 0,Updated: 08/19/2021 04:11 PM
1%,Cardio Equipment,(Open),Last Count: 1,Updated: 08/19/2021 04:07 PM
0%,Spa,(Open),Last Count: 0,Updated: 08/19/2021 04:11 PM
0%,Weight Equipment,(Open),Last Count: 0,Updated: 08/19/2021 04:07 PM
0%,Outdoor Volleyball,(Open),Last Count: 0,Updated: 08/19/2021 04:11 PM
5%,MAC Weight Room,(Open),Last Count: 3,Updated: 08/19/2021 05:14 PM
5%,Lower Weight Room,(Open),Last Count: 10,Updated: 08/19/2021 05:14 PM
1%,Pool,(Open),Last Count: 3,Updated: 08/19/2021 05:14 PM
0%,Squash Court,(Open),Last Count: 0,Updated: 08/19/2021 05:10 PM
0%,Pool Deck,(Open),Last Count: 0,Updated: 08/19/2021 05:14 PM
0%,Racquetball Courts,(Open),Last Count: 0,Updated: 08/19/2021 05:10 PM
6%,Power Training Platforms,(Open),Last Count: 3,Updated: 08/19/2021 05:14 PM
0%,Pool Lawn,(Open),Last Count: 0,Updated: 08/19/2021 05:14 PM
0%,Cardio Equipment,(Open),Last Count: 0,Updated: 08/19/2021 05:10 PM
0%,Spa,(Open),Last Count: 0,Updated: 08/19/2021 05:14 PM
0%,Weight Equipment,(Open),Last Count: 0,Updated: 08/19/2021 05:10 PM
0%,Outdoor Volleyball,(Open),Last Count: 0,Updated: 08/19/2021 05:14 PM
20,MAC Weight Room,Open,11,8/19/2021 19:07
4,Lower Weight Room,Open,8,8/19/2021 19:07
1,Pool,Open,4,8/19/2021 19:07
0,Squash Court,Open,0,8/19/2021 19:08
0,Pool Deck,Open,0,8/19/2021 19:07
5,Racquetball Courts,Open,5,8/19/2021 19:08
8,Power Training Platforms,Open,4,8/19/2021 19:07
0,Pool Lawn,Open,0,8/19/2021 19:07
0,Cardio Equipment,Open,0,8/19/2021 19:08
4,Spa,Open,2,8/19/2021 19:07
5,Weight Equipment,Open,1,8/19/2021 19:08
0,Outdoor Volleyball,Open,0,8/19/2021 19:07
20,MAC Weight Room,Open,11,08/19/2021 07:07 PM
4,Lower Weight Room,Open,8,08/19/2021 07:07 PM
1,Pool,Open,4,08/19/2021 07:07 PM
0,Squash Court,Open,0,08/19/2021 07:08 PM
0,Pool Deck,Open,0,08/19/2021 07:07 PM
5,Racquetball Courts,Open,5,08/19/2021 07:08 PM
8,Power Training Platforms,Open,4,08/19/2021 07:07 PM
0,Pool Lawn,Open,0,08/19/2021 07:07 PM
0,Cardio Equipment,Open,0,08/19/2021 07:08 PM
4,Spa,Open,2,08/19/2021 07:07 PM
5,Weight Equipment,Open,1,08/19/2021 07:08 PM
0,Outdoor Volleyball,Open,0,08/19/2021 07:07 PM
20,MAC Weight Room,Open,11,08/19/2021 07:07 PM
4,Lower Weight Room,Open,8,08/19/2021 07:07 PM
1,Pool,Open,4,08/19/2021 07:07 PM
0,Squash Court,Open,0,08/19/2021 07:08 PM
0,Pool Deck,Open,0,08/19/2021 07:07 PM
5,Racquetball Courts,Open,5,08/19/2021 07:08 PM
8,Power Training Platforms,Open,4,08/19/2021 07:07 PM
0,Pool Lawn,Open,0,08/19/2021 07:07 PM
0,Cardio Equipment,Open,0,08/19/2021 07:08 PM
4,Spa,Open,2,08/19/2021 07:07 PM
5,Weight Equipment,Open,1,08/19/2021 07:08 PM
0,Outdoor Volleyball,Open,0,08/19/2021 07:07 PM
20,MAC Weight Room,Open,11,08/19/2021 07:07 PM
4,Lower Weight Room,Open,8,08/19/2021 07:07 PM
1,Pool,Open,4,08/19/2021 07:07 PM
0,Squash Court,Open,0,08/19/2021 07:08 PM
0,Pool Deck,Open,0,08/19/2021 07:07 PM
5,Racquetball Courts,Open,5,08/19/2021 07:08 PM
8,Power Training Platforms,Open,4,08/19/2021 07:07 PM
0,Pool Lawn,Open,0,08/19/2021 07:07 PM
0,Cardio Equipment,Open,0,08/19/2021 07:08 PM
4,Spa,Open,2,08/19/2021 07:07 PM
5,Weight Equipment,Open,1,08/19/2021 07:08 PM
0,Outdoor Volleyball,Open,0,08/19/2021 07:07 PM
20,MAC Weight Room,Open,11,08/19/2021 07:07 PM
4,Lower Weight Room,Open,8,08/19/2021 07:07 PM
1,Pool,Open,4,08/19/2021 07:07 PM
0,Squash Court,Open,0,08/19/2021 07:08 PM
0,Pool Deck,Open,0,08/19/2021 07:07 PM
5,Racquetball Courts,Open,5,08/19/2021 07:08 PM
8,Power Training Platforms,Open,4,08/19/2021 07:07 PM
0,Pool Lawn,Open,0,08/19/2021 07:07 PM
0,Cardio Equipment,Open,0,08/19/2021 07:08 PM
4,Spa,Open,2,08/19/2021 07:07 PM
5,Weight Equipment,Open,1,08/19/2021 07:08 PM
0,Outdoor Volleyball,Open,0,08/19/2021 07:07 PM
11,MAC Weight Room,Open,6,08/20/2021 12:44 PM
3,Lower Weight Room,Open,5,08/20/2021 12:44 PM
0,Pool,Open,0,08/20/2021 12:44 PM
0,Squash Court,Open,0,08/20/2021 12:45 PM
0,Pool Deck,Open,0,08/20/2021 12:44 PM
0,Racquetball Courts,Open,0,08/20/2021 12:45 PM
0,Power Training Platforms,Open,0,08/20/2021 12:44 PM
0,Pool Lawn,Open,0,08/20/2021 12:44 PM
0,Cardio Equipment,Open,0,08/20/2021 12:45 PM
0,Spa,Open,0,08/20/2021 12:44 PM
0,Weight Equipment,Open,0,08/20/2021 12:45 PM
0,Outdoor Volleyball,Open,0,08/20/2021 12:44 PM
11,MAC Weight Room,Open,6,08/20/2021 12:44 PM
3,Lower Weight Room,Open,5,08/20/2021 12:44 PM
0,Pool,Open,0,08/20/2021 12:44 PM
0,Squash Court,Open,0,08/20/2021 12:45 PM
0,Pool Deck,Open,0,08/20/2021 12:44 PM
0,Racquetball Courts,Open,0,08/20/2021 12:45 PM
0,Power Training Platforms,Open,0,08/20/2021 12:44 PM
0,Pool Lawn,Open,0,08/20/2021 12:44 PM
0,Cardio Equipment,Open,0,08/20/2021 12:45 PM
0,Spa,Open,0,08/20/2021 12:44 PM
0,Weight Equipment,Open,0,08/20/2021 12:45 PM
0,Outdoor Volleyball,Open,0,08/20/2021 12:44 PM
15,MAC Weight Room,Open,8,08/20/2021 04:34 PM
7,Lower Weight Room,Open,13,08/20/2021 04:34 PM
0,Pool,Open,1,08/20/2021 04:34 PM
0,Squash Court,Open,0,08/20/2021 04:25 PM
0,Pool Deck,Open,0,08/20/2021 04:34 PM
0,Racquetball Courts,Open,0,08/20/2021 04:25 PM
14,Power Training Platforms,Open,7,08/20/2021 04:34 PM
0,Pool Lawn,Open,0,08/20/2021 04:34 PM
0,Cardio Equipment,Open,0,08/20/2021 04:25 PM
0,Spa,Open,0,08/20/2021 04:34 PM
0,Weight Equipment,Open,0,08/20/2021 04:25 PM
0,Outdoor Volleyball,Open,0,08/20/2021 04:34 PM
15,MAC Weight Room,Open,8,08/20/2021 04:34 PM
7,Lower Weight Room,Open,13,08/20/2021 04:34 PM
0,Pool,Open,1,08/20/2021 04:34 PM
0,Squash Court,Open,0,08/20/2021 04:25 PM
0,Pool Deck,Open,0,08/20/2021 04:34 PM
0,Racquetball Courts,Open,0,08/20/2021 04:25 PM
14,Power Training Platforms,Open,7,08/20/2021 04:34 PM
0,Pool Lawn,Open,0,08/20/2021 04:34 PM
0,Cardio Equipment,Open,0,08/20/2021 04:25 PM
0,Spa,Open,0,08/20/2021 04:34 PM
0,Weight Equipment,Open,0,08/20/2021 04:25 PM
0,Outdoor Volleyball,Open,0,08/20/2021 04:34 PM
15,MAC Weight Room,Open,8,08/20/2021 04:34 PM
7,Lower Weight Room,Open,13,08/20/2021 04:34 PM
0,Pool,Open,1,08/20/2021 04:34 PM
0,Squash Court,Open,0,08/20/2021 04:25 PM
0,Pool Deck,Open,0,08/20/2021 04:34 PM
0,Racquetball Courts,Open,0,08/20/2021 04:25 PM
14,Power Training Platforms,Open,7,08/20/2021 04:34 PM
0,Pool Lawn,Open,0,08/20/2021 04:34 PM
0,Cardio Equipment,Open,0,08/20/2021 04:25 PM
0,Spa,Open,0,08/20/2021 04:34 PM
0,Weight Equipment,Open,0,08/20/2021 04:25 PM
0,Outdoor Volleyball,Open,0,08/20/2021 04:34 PM
15,MAC Weight Room,Open,8,08/20/2021 04:34 PM
7,Lower Weight Room,Open,13,08/20/2021 04:34 PM
0,Pool,Open,1,08/20/2021 04:34 PM
0,Squash Court,Open,0,08/20/2021 04:25 PM
0,Pool Deck,Open,0,08/20/2021 04:34 PM
0,Racquetball Courts,Open,0,08/20/2021 04:25 PM
14,Power Training Platforms,Open,7,08/20/2021 04:34 PM
0,Pool Lawn,Open,0,08/20/2021 04:34 PM
0,Cardio Equipment,Open,0,08/20/2021 04:25 PM
0,Spa,Open,0,08/20/2021 04:34 PM
0,Weight Equipment,Open,0,08/20/2021 04:25 PM
0,Outdoor Volleyball,Open,0,08/20/2021 04:34 PM
15,MAC Weight Room,Open,8,08/20/2021 04:34 PM
7,Lower Weight Room,Open,13,08/20/2021 04:34 PM
0,Pool,Open,1,08/20/2021 04:34 PM
0,Squash Court,Open,0,08/20/2021 04:25 PM
0,Pool Deck,Open,0,08/20/2021 04:34 PM
0,Racquetball Courts,Open,0,08/20/2021 04:25 PM
14,Power Training Platforms,Open,7,08/20/2021 04:34 PM
0,Pool Lawn,Open,0,08/20/2021 04:34 PM
0,Cardio Equipment,Open,0,08/20/2021 04:25 PM
0,Spa,Open,0,08/20/2021 04:34 PM
0,Weight Equipment,Open,0,08/20/2021 04:25 PM
0,Outdoor Volleyball,Open,0,08/20/2021 04:34 PM
15,MAC Weight Room,Open,8,08/20/2021 04:34 PM
7,Lower Weight Room,Open,13,08/20/2021 04:34 PM
0,Pool,Open,1,08/20/2021 04:34 PM
0,Squash Court,Open,0,08/20/2021 04:25 PM
0,Pool Deck,Open,0,08/20/2021 04:34 PM
0,Racquetball Courts,Open,0,08/20/2021 04:25 PM
14,Power Training Platforms,Open,7,08/20/2021 04:34 PM
0,Pool Lawn,Open,0,08/20/2021 04:34 PM
0,Cardio Equipment,Open,0,08/20/2021 04:25 PM
0,Spa,Open,0,08/20/2021 04:34 PM
0,Weight Equipment,Open,0,08/20/2021 04:25 PM
0,Outdoor Volleyball,Open,0,08/20/2021 04:34 PM
15,MAC Weight Room,Open,8,08/20/2021 04:34 PM
7,Lower Weight Room,Open,13,08/20/2021 04:34 PM
0,Pool,Open,1,08/20/2021 04:34 PM
0,Squash Court,Open,0,08/20/2021 04:25 PM
0,Pool Deck,Open,0,08/20/2021 04:34 PM
0,Racquetball Courts,Open,0,08/20/2021 04:25 PM
14,Power Training Platforms,Open,7,08/20/2021 04:34 PM
0,Pool Lawn,Open,0,08/20/2021 04:34 PM
0,Cardio Equipment,Open,0,08/20/2021 04:25 PM
0,Spa,Open,0,08/20/2021 04:34 PM
0,Weight Equipment,Open,0,08/20/2021 04:25 PM
0,Outdoor Volleyball,Open,0,08/20/2021 04:34 PM
15,MAC Weight Room,Open,8,08/20/2021 04:34 PM
7,Lower Weight Room,Open,13,08/20/2021 04:34 PM
0,Pool,Open,1,08/20/2021 04:34 PM
0,Squash Court,Open,0,08/20/2021 04:25 PM
0,Pool Deck,Open,0,08/20/2021 04:34 PM
0,Racquetball Courts,Open,0,08/20/2021 04:25 PM
14,Power Training Platforms,Open,7,08/20/2021 04:34 PM
0,Pool Lawn,Open,0,08/20/2021 04:34 PM
0,Cardio Equipment,Open,0,08/20/2021 04:25 PM
0,Spa,Open,0,08/20/2021 04:34 PM
0,Weight Equipment,Open,0,08/20/2021 04:25 PM
0,Outdoor Volleyball,Open,0,08/20/2021 04:34 PM
4,MAC Weight Room,Open,2,08/23/2021 12:39 PM
5,Lower Weight Room,Open,9,08/23/2021 12:39 PM
0,Pool,Open,1,08/23/2021 12:39 PM
0,Squash Court,Open,0,08/20/2021 04:25 PM
0,Pool Deck,Open,0,08/23/2021 12:39 PM
0,Racquetball Courts,Open,0,08/20/2021 04:25 PM
0,Power Training Platforms,Open,0,08/23/2021 12:39 PM
0,Pool Lawn,Open,0,08/23/2021 12:39 PM
0,Cardio Equipment,Open,0,08/20/2021 04:25 PM
0,Spa,Open,0,08/23/2021 12:39 PM
0,Weight Equipment,Open,0,08/20/2021 04:25 PM
0,Outdoor Volleyball,Open,0,08/23/2021 12:39 PM
4,MAC Weight Room,Open,2,08/23/2021 12:39 PM
5,Lower Weight Room,Open,9,08/23/2021 12:39 PM
0,Pool,Open,1,08/23/2021 12:39 PM
0,Squash Court,Open,0,08/20/2021 04:25 PM
0,Pool Deck,Open,0,08/23/2021 12:39 PM
0,Racquetball Courts,Open,0,08/20/2021 04:25 PM
0,Power Training Platforms,Open,0,08/23/2021 12:39 PM
0,Pool Lawn,Open,0,08/23/2021 12:39 PM
0,Cardio Equipment,Open,0,08/20/2021 04:25 PM
0,Spa,Open,0,08/23/2021 12:39 PM
0,Weight Equipment,Open,0,08/20/2021 04:25 PM
0,Outdoor Volleyball,Open,0,08/23/2021 12:39 PM
15,MAC Weight Room,Open,8,08/23/2021 01:38 PM
3,Lower Weight Room,Open,5,08/23/2021 01:38 PM
0,Pool,Open,1,08/23/2021 01:38 PM
0,Squash Court,Open,0,08/20/2021 04:25 PM
0,Pool Deck,Open,0,08/23/2021 01:38 PM
0,Racquetball Courts,Open,0,08/20/2021 04:25 PM
2,Power Training Platforms,Open,1,08/23/2021 01:38 PM
1,Pool Lawn,Open,2,08/23/2021 01:38 PM
0,Cardio Equipment,Open,0,08/20/2021 04:25 PM
2,Spa,Open,1,08/23/2021 01:38 PM
0,Weight Equipment,Open,0,08/20/2021 04:25 PM
0,Outdoor Volleyball,Open,0,08/23/2021 01:38 PM
15,MAC Weight Room,Open,8,08/23/2021 01:38 PM
3,Lower Weight Room,Open,5,08/23/2021 01:38 PM
0,Pool,Open,1,08/23/2021 01:38 PM
0,Squash Court,Open,0,08/20/2021 04:25 PM
0,Pool Deck,Open,0,08/23/2021 01:38 PM
0,Racquetball Courts,Open,0,08/20/2021 04:25 PM
2,Power Training Platforms,Open,1,08/23/2021 01:38 PM
1,Pool Lawn,Open,2,08/23/2021 01:38 PM
0,Cardio Equipment,Open,0,08/20/2021 04:25 PM
2,Spa,Open,1,08/23/2021 01:38 PM
0,Weight Equipment,Open,0,08/20/2021 04:25 PM
0,Outdoor Volleyball,Open,0,08/23/2021 01:38 PM
4,MAC Weight Room,Open,2,08/23/2021 02:32 PM
3,Lower Weight Room,Open,6,08/23/2021 02:32 PM
0,Pool,Open,1,08/23/2021 01:38 PM
0,Squash Court,Open,0,08/20/2021 04:25 PM
0,Pool Deck,Open,0,08/23/2021 01:38 PM
0,Racquetball Courts,Open,0,08/20/2021 04:25 PM
0,Power Training Platforms,Open,0,08/23/2021 02:32 PM
1,Pool Lawn,Open,2,08/23/2021 02:32 PM
0,Cardio Equipment,Open,0,08/20/2021 04:25 PM
0,Spa,Open,0,08/23/2021 02:32 PM
0,Weight Equipment,Open,0,08/20/2021 04:25 PM
0,Outdoor Volleyball,Open,0,08/23/2021 01:38 PM
40,MAC Weight Room,Open,22,08/23/2021 07:03 PM
12,Lower Weight Room,Open,23,08/23/2021 07:03 PM
1,Pool,Open,6,08/23/2021 07:03 PM
0,Squash Court,Open,0,08/23/2021 07:09 PM
0,Pool Deck,Open,0,08/23/2021 07:03 PM
0,Racquetball Courts,Open,0,08/23/2021 07:09 PM
8,Power Training Platforms,Open,4,08/23/2021 07:03 PM
0,Pool Lawn,Open,0,08/23/2021 07:03 PM
1,Cardio Equipment,Open,1,08/23/2021 07:09 PM
6,Spa,Open,3,08/23/2021 07:03 PM
0,Weight Equipment,Open,0,08/23/2021 07:09 PM
0,Outdoor Volleyball,Open,0,08/23/2021 07:03 PM
40,MAC Weight Room,Open,22,08/23/2021 07:03 PM
12,Lower Weight Room,Open,23,08/23/2021 07:03 PM
1,Pool,Open,6,08/23/2021 07:03 PM
0,Squash Court,Open,0,08/23/2021 07:09 PM
0,Pool Deck,Open,0,08/23/2021 07:03 PM
0,Racquetball Courts,Open,0,08/23/2021 07:09 PM
8,Power Training Platforms,Open,4,08/23/2021 07:03 PM
0,Pool Lawn,Open,0,08/23/2021 07:03 PM
1,Cardio Equipment,Open,1,08/23/2021 07:09 PM
6,Spa,Open,3,08/23/2021 07:03 PM
0,Weight Equipment,Open,0,08/23/2021 07:09 PM
0,Outdoor Volleyball,Open,0,08/23/2021 07:03 PM
40,MAC Weight Room,Open,22,08/23/2021 07:03 PM
12,Lower Weight Room,Open,23,08/23/2021 07:03 PM
1,Pool,Open,6,08/23/2021 07:03 PM
0,Squash Court,Open,0,08/23/2021 07:09 PM
0,Pool Deck,Open,0,08/23/2021 07:03 PM
0,Racquetball Courts,Open,0,08/23/2021 07:09 PM
8,Power Training Platforms,Open,4,08/23/2021 07:03 PM
0,Pool Lawn,Open,0,08/23/2021 07:03 PM
1,Cardio Equipment,Open,1,08/23/2021 07:09 PM
6,Spa,Open,3,08/23/2021 07:03 PM
0,Weight Equipment,Open,0,08/23/2021 07:09 PM
0,Outdoor Volleyball,Open,0,08/23/2021 07:03 PM
40,MAC Weight Room,Open,22,08/23/2021 07:03 PM
12,Lower Weight Room,Open,23,08/23/2021 07:03 PM
1,Pool,Open,6,08/23/2021 07:03 PM
0,Squash Court,Open,0,08/23/2021 07:09 PM
0,Pool Deck,Open,0,08/23/2021 07:03 PM
0,Racquetball Courts,Open,0,08/23/2021 07:09 PM
8,Power Training Platforms,Open,4,08/23/2021 07:03 PM
0,Pool Lawn,Open,0,08/23/2021 07:03 PM
1,Cardio Equipment,Open,1,08/23/2021 07:09 PM
6,Spa,Open,3,08/23/2021 07:03 PM
0,Weight Equipment,Open,0,08/23/2021 07:09 PM
0,Outdoor Volleyball,Open,0,08/23/2021 07:03 PM
40,MAC Weight Room,Open,22,08/23/2021 07:03 PM
12,Lower Weight Room,Open,23,08/23/2021 07:03 PM
1,Pool,Open,6,08/23/2021 07:03 PM
0,Squash Court,Open,0,08/23/2021 07:09 PM
0,Pool Deck,Open,0,08/23/2021 07:03 PM
0,Racquetball Courts,Open,0,08/23/2021 07:09 PM
8,Power Training Platforms,Open,4,08/23/2021 07:03 PM
0,Pool Lawn,Open,0,08/23/2021 07:03 PM
1,Cardio Equipment,Open,1,08/23/2021 07:09 PM
6,Spa,Open,3,08/23/2021 07:03 PM
0,Weight Equipment,Open,0,08/23/2021 07:09 PM
0,Outdoor Volleyball,Open,0,08/23/2021 07:03 PM
40,MAC Weight Room,Open,22,08/23/2021 07:03 PM
12,Lower Weight Room,Open,23,08/23/2021 07:03 PM
1,Pool,Open,6,08/23/2021 07:03 PM
0,Squash Court,Open,0,08/23/2021 07:09 PM
0,Pool Deck,Open,0,08/23/2021 07:03 PM
0,Racquetball Courts,Open,0,08/23/2021 07:09 PM
8,Power Training Platforms,Open,4,08/23/2021 07:03 PM
0,Pool Lawn,Open,0,08/23/2021 07:03 PM
1,Cardio Equipment,Open,1,08/23/2021 07:09 PM
6,Spa,Open,3,08/23/2021 07:03 PM
0,Weight Equipment,Open,0,08/23/2021 07:09 PM
0,Outdoor Volleyball,Open,0,08/23/2021 07:03 PM
40,MAC Weight Room,Open,22,08/23/2021 07:03 PM
12,Lower Weight Room,Open,23,08/23/2021 07:03 PM
1,Pool,Open,6,08/23/2021 07:03 PM
0,Squash Court,Open,0,08/23/2021 07:09 PM
0,Pool Deck,Open,0,08/23/2021 07:03 PM
0,Racquetball Courts,Open,0,08/23/2021 07:09 PM
8,Power Training Platforms,Open,4,08/23/2021 07:03 PM
0,Pool Lawn,Open,0,08/23/2021 07:03 PM
1,Cardio Equipment,Open,1,08/23/2021 07:09 PM
6,Spa,Open,3,08/23/2021 07:03 PM
0,Weight Equipment,Open,0,08/23/2021 07:09 PM
0,Outdoor Volleyball,Open,0,08/23/2021 07:03 PM
40,MAC Weight Room,Open,22,08/23/2021 07:03 PM
12,Lower Weight Room,Open,23,08/23/2021 07:03 PM
1,Pool,Open,6,08/23/2021 07:03 PM
0,Squash Court,Open,0,08/23/2021 07:09 PM
0,Pool Deck,Open,0,08/23/2021 07:03 PM
0,Racquetball Courts,Open,0,08/23/2021 07:09 PM
8,Power Training Platforms,Open,4,08/23/2021 07:03 PM
0,Pool Lawn,Open,0,08/23/2021 07:03 PM
1,Cardio Equipment,Open,1,08/23/2021 07:09 PM
6,Spa,Open,3,08/23/2021 07:03 PM
0,Weight Equipment,Open,0,08/23/2021 07:09 PM
0,Outdoor Volleyball,Open,0,08/23/2021 07:03 PM
40,MAC Weight Room,Open,22,08/23/2021 07:03 PM
12,Lower Weight Room,Open,23,08/23/2021 07:03 PM
1,Pool,Open,6,08/23/2021 07:03 PM
0,Squash Court,Open,0,08/23/2021 07:09 PM
0,Pool Deck,Open,0,08/23/2021 07:03 PM
0,Racquetball Courts,Open,0,08/23/2021 07:09 PM
8,Power Training Platforms,Open,4,08/23/2021 07:03 PM
0,Pool Lawn,Open,0,08/23/2021 07:03 PM
1,Cardio Equipment,Open,1,08/23/2021 07:09 PM
6,Spa,Open,3,08/23/2021 07:03 PM
0,Weight Equipment,Open,0,08/23/2021 07:09 PM
0,Outdoor Volleyball,Open,0,08/23/2021 07:03 PM
5,MAC Weight Room,Open,3,08/24/2021 12:36 PM
1,Lower Weight Room,Open,2,08/24/2021 12:36 PM
0,Pool,Open,2,08/24/2021 12:36 PM
0,Squash Court,Open,0,08/23/2021 07:09 PM
0,Pool Deck,Open,0,08/24/2021 12:36 PM
0,Racquetball Courts,Open,0,08/23/2021 07:09 PM
0,Power Training Platforms,Open,0,08/24/2021 12:36 PM
0,Pool Lawn,Open,0,08/24/2021 12:36 PM
1,Cardio Equipment,Open,1,08/23/2021 07:09 PM
0,Spa,Open,0,08/24/2021 12:36 PM
0,Weight Equipment,Open,0,08/23/2021 07:09 PM
0,Outdoor Volleyball,Open,0,08/24/2021 12:36 PM
9,MAC Weight Room,Open,5,08/24/2021 02:10 PM
4,Lower Weight Room,Open,8,08/24/2021 02:10 PM
0,Pool,Open,0,08/24/2021 02:10 PM
0,Squash Court,Open,0,08/23/2021 07:09 PM
0,Pool Deck,Open,0,08/24/2021 02:10 PM
0,Racquetball Courts,Open,0,08/23/2021 07:09 PM
2,Power Training Platforms,Open,1,08/24/2021 02:10 PM
0,Pool Lawn,Open,0,08/24/2021 02:10 PM
1,Cardio Equipment,Open,1,08/23/2021 07:09 PM
0,Spa,Open,0,08/24/2021 02:10 PM
0,Weight Equipment,Open,0,08/23/2021 07:09 PM
0,Outdoor Volleyball,Open,0,08/24/2021 02:10 PM
13,MAC Weight Room,Open,7,08/24/2021 05:25 PM
5,Lower Weight Room,Open,10,08/24/2021 05:25 PM
0,Pool,Open,1,08/24/2021 05:25 PM
0,Squash Court,Open,0,08/23/2021 07:09 PM
1,Pool Deck,Open,2,08/24/2021 05:25 PM
0,Racquetball Courts,Open,0,08/23/2021 07:09 PM
8,Power Training Platforms,Open,4,08/24/2021 05:25 PM
0,Pool Lawn,Open,0,08/24/2021 05:25 PM
1,Cardio Equipment,Open,1,08/23/2021 07:09 PM
2,Spa,Open,1,08/24/2021 05:25 PM
0,Weight Equipment,Open,0,08/23/2021 07:09 PM
0,Outdoor Volleyball,Open,0,08/24/2021 05:25 PM
13,MAC Weight Room,Open,7,08/24/2021 05:25 PM
5,Lower Weight Room,Open,10,08/24/2021 05:25 PM
0,Pool,Open,1,08/24/2021 05:25 PM
0,Squash Court,Open,0,08/23/2021 07:09 PM
1,Pool Deck,Open,2,08/24/2021 05:25 PM
0,Racquetball Courts,Open,0,08/23/2021 07:09 PM
8,Power Training Platforms,Open,4,08/24/2021 05:25 PM
0,Pool Lawn,Open,0,08/24/2021 05:25 PM
1,Cardio Equipment,Open,1,08/23/2021 07:09 PM
2,Spa,Open,1,08/24/2021 05:25 PM
0,Weight Equipment,Open,0,08/23/2021 07:09 PM
0,Outdoor Volleyball,Open,0,08/24/2021 05:25 PM
13,MAC Weight Room,Open,7,08/24/2021 05:25 PM
5,Lower Weight Room,Open,10,08/24/2021 05:25 PM
0,Pool,Open,1,08/24/2021 05:25 PM
0,Squash Court,Open,0,08/23/2021 07:09 PM
1,Pool Deck,Open,2,08/24/2021 05:25 PM
0,Racquetball Courts,Open,0,08/23/2021 07:09 PM
8,Power Training Platforms,Open,4,08/24/2021 05:25 PM
0,Pool Lawn,Open,0,08/24/2021 05:25 PM
1,Cardio Equipment,Open,1,08/23/2021 07:09 PM
2,Spa,Open,1,08/24/2021 05:25 PM
0,Weight Equipment,Open,0,08/23/2021 07:09 PM
0,Outdoor Volleyball,Open,0,08/24/2021 05:25 PM
13,MAC Weight Room,Open,7,08/24/2021 05:25 PM
5,Lower Weight Room,Open,10,08/24/2021 05:25 PM
0,Pool,Open,1,08/24/2021 05:25 PM
0,Squash Court,Open,0,08/24/2021 06:36 PM
1,Pool Deck,Open,2,08/24/2021 05:25 PM
0,Racquetball Courts,Open,0,08/24/2021 06:36 PM
8,Power Training Platforms,Open,4,08/24/2021 05:25 PM
0,Pool Lawn,Open,0,08/24/2021 05:25 PM
1,Cardio Equipment,Open,1,08/24/2021 06:36 PM
2,Spa,Open,1,08/24/2021 05:25 PM
0,Weight Equipment,Open,0,08/24/2021 06:36 PM
0,Outdoor Volleyball,Open,0,08/24/2021 05:25 PM
13,MAC Weight Room,Open,7,08/24/2021 05:25 PM
5,Lower Weight Room,Open,10,08/24/2021 05:25 PM
0,Pool,Open,1,08/24/2021 05:25 PM
0,Squash Court,Open,0,08/24/2021 06:36 PM
1,Pool Deck,Open,2,08/24/2021 05:25 PM
0,Racquetball Courts,Open,0,08/24/2021 06:36 PM
8,Power Training Platforms,Open,4,08/24/2021 05:25 PM
0,Pool Lawn,Open,0,08/24/2021 05:25 PM
1,Cardio Equipment,Open,1,08/24/2021 06:36 PM
2,Spa,Open,1,08/24/2021 05:25 PM
0,Weight Equipment,Open,0,08/24/2021 06:36 PM
0,Outdoor Volleyball,Open,0,08/24/2021 05:25 PM
7,MAC Weight Room,Open,4,08/25/2021 02:32 PM
3,Lower Weight Room,Open,6,08/25/2021 02:32 PM
0,Pool,Open,0,08/25/2021 02:32 PM
0,Squash Court,Open,0,08/25/2021 02:39 PM
0,Pool Deck,Open,0,08/25/2021 02:32 PM
0,Racquetball Courts,Open,0,08/25/2021 02:39 PM
8,Power Training Platforms,Open,4,08/25/2021 02:32 PM
0,Pool Lawn,Open,0,08/25/2021 02:32 PM
0,Cardio Equipment,Open,0,08/25/2021 02:39 PM
0,Spa,Open,0,08/25/2021 02:32 PM
0,Weight Equipment,Open,0,08/25/2021 02:39 PM
0,Outdoor Volleyball,Open,0,08/25/2021 02:32 PM
2,MAC Weight Room,Open,1,08/25/2021 03:39 PM
5,Lower Weight Room,Open,9,08/25/2021 03:39 PM
1,Pool,Open,4,08/25/2021 03:39 PM
0,Squash Court,Open,0,08/25/2021 03:43 PM
0,Pool Deck,Open,0,08/25/2021 02:32 PM
0,Racquetball Courts,Open,0,08/25/2021 03:43 PM
0,Power Training Platforms,Open,0,08/25/2021 03:39 PM
0,Pool Lawn,Open,0,08/25/2021 03:39 PM
0,Cardio Equipment,Open,0,08/25/2021 03:43 PM
0,Spa,Open,0,08/25/2021 03:39 PM
0,Weight Equipment,Open,0,08/25/2021 03:43 PM
0,Outdoor Volleyball,Open,0,08/25/2021 03:39 PM
9,MAC Weight Room,Open,5,08/25/2021 04:16 PM
6,Lower Weight Room,Open,11,08/25/2021 04:16 PM
0,Pool,Open,2,08/25/2021 04:16 PM
0,Squash Court,Open,0,08/25/2021 03:43 PM
0,Pool Deck,Open,0,08/25/2021 04:16 PM
0,Racquetball Courts,Open,0,08/25/2021 03:43 PM
2,Power Training Platforms,Open,1,08/25/2021 04:16 PM
0,Pool Lawn,Open,0,08/25/2021 04:16 PM
0,Cardio Equipment,Open,0,08/25/2021 03:43 PM
0,Spa,Open,0,08/25/2021 04:16 PM
0,Weight Equipment,Open,0,08/25/2021 03:43 PM
0,Outdoor Volleyball,Open,0,08/25/2021 04:16 PM
20,MAC Weight Room,Open,11,08/25/2021 07:10 PM
6,Lower Weight Room,Open,11,08/25/2021 07:10 PM
1,Pool,Open,5,08/25/2021 07:10 PM
0,Squash Court,Open,0,08/25/2021 03:43 PM
0,Pool Deck,Open,0,08/25/2021 07:10 PM
0,Racquetball Courts,Open,0,08/25/2021 03:43 PM
4,Power Training Platforms,Open,2,08/25/2021 07:10 PM
0,Pool Lawn,Open,0,08/25/2021 07:10 PM
0,Cardio Equipment,Open,0,08/25/2021 03:43 PM
2,Spa,Open,1,08/25/2021 07:10 PM
0,Weight Equipment,Open,0,08/25/2021 03:43 PM
0,Outdoor Volleyball,Open,0,08/25/2021 07:10 PM
2,MAC Weight Room,Open,1,08/26/2021 12:45 PM
1,Lower Weight Room,Open,2,08/26/2021 12:45 PM
0,Pool,Open,2,08/26/2021 12:45 PM
0,Squash Court,Open,0,08/26/2021 12:48 PM
0,Pool Deck,Open,0,08/26/2021 12:45 PM
0,Racquetball Courts,Open,0,08/26/2021 12:48 PM
2,Power Training Platforms,Open,1,08/26/2021 12:45 PM
0,Pool Lawn,Open,0,08/26/2021 12:45 PM
0,Cardio Equipment,Open,0,08/26/2021 12:48 PM
0,Spa,Open,0,08/26/2021 12:45 PM
0,Weight Equipment,Open,0,08/26/2021 12:48 PM
0,Outdoor Volleyball,Open,0,08/26/2021 12:45 PM
2,MAC Weight Room,Open,1,08/26/2021 12:45 PM
1,Lower Weight Room,Open,2,08/26/2021 12:45 PM
0,Pool,Open,2,08/26/2021 12:45 PM
0,Squash Court,Open,0,08/26/2021 12:48 PM
0,Pool Deck,Open,0,08/26/2021 12:45 PM
0,Racquetball Courts,Open,0,08/26/2021 12:48 PM
2,Power Training Platforms,Open,1,08/26/2021 12:45 PM
0,Pool Lawn,Open,0,08/26/2021 12:45 PM
0,Cardio Equipment,Open,0,08/26/2021 12:48 PM
0,Spa,Open,0,08/26/2021 12:45 PM
0,Weight Equipment,Open,0,08/26/2021 12:48 PM
0,Outdoor Volleyball,Open,0,08/26/2021 12:45 PM
7,MAC Weight Room,Open,4,08/26/2021 01:59 PM
3,Lower Weight Room,Open,5,08/26/2021 01:59 PM
0,Pool,Open,0,08/26/2021 01:59 PM
0,Squash Court,Open,0,08/26/2021 12:48 PM
0,Pool Deck,Open,0,08/26/2021 01:59 PM
0,Racquetball Courts,Open,0,08/26/2021 12:48 PM
4,Power Training Platforms,Open,2,08/26/2021 01:59 PM
0,Pool Lawn,Open,0,08/26/2021 01:59 PM
0,Cardio Equipment,Open,0,08/26/2021 12:48 PM
0,Spa,Open,0,08/26/2021 01:59 PM
0,Weight Equipment,Open,0,08/26/2021 12:48 PM
0,Outdoor Volleyball,Open,0,08/26/2021 01:59 PM
7,MAC Weight Room,Open,4,08/26/2021 03:27 PM
6,Lower Weight Room,Open,11,08/26/2021 03:27 PM
0,Pool,Open,1,08/26/2021 03:27 PM
0,Squash Court,Open,0,08/26/2021 02:52 PM
0,Pool Deck,Open,0,08/26/2021 01:59 PM
0,Racquetball Courts,Open,0,08/26/2021 02:52 PM
4,Power Training Platforms,Open,2,08/26/2021 01:59 PM
0,Pool Lawn,Open,0,08/26/2021 01:59 PM
0,Cardio Equipment,Open,0,08/26/2021 02:52 PM
0,Spa,Open,0,08/26/2021 01:59 PM
0,Weight Equipment,Open,0,08/26/2021 02:52 PM
0,Outdoor Volleyball,Open,0,08/26/2021 01:59 PM
5,MAC Weight Room,Open,3,08/26/2021 04:15 PM
4,Lower Weight Room,Open,7,08/26/2021 04:15 PM
0,Pool,Open,2,08/26/2021 04:15 PM
0,Squash Court,Open,0,08/26/2021 04:15 PM
0,Pool Deck,Open,0,08/26/2021 04:15 PM
0,Racquetball Courts,Open,0,08/26/2021 04:15 PM
0,Power Training Platforms,Open,0,08/26/2021 04:15 PM
0,Pool Lawn,Open,0,08/26/2021 04:15 PM
0,Cardio Equipment,Open,0,08/26/2021 04:15 PM
0,Spa,Open,0,08/26/2021 04:15 PM
0,Weight Equipment,Open,0,08/26/2021 04:15 PM
0,Outdoor Volleyball,Open,0,08/26/2021 04:15 PM
5,MAC Weight Room,Open,3,08/26/2021 04:15 PM
4,Lower Weight Room,Open,7,08/26/2021 04:15 PM
0,Pool,Open,2,08/26/2021 04:15 PM
0,Squash Court,Open,0,08/26/2021 04:15 PM
0,Pool Deck,Open,0,08/26/2021 04:15 PM
0,Racquetball Courts,Open,0,08/26/2021 04:15 PM
0,Power Training Platforms,Open,0,08/26/2021 04:15 PM
0,Pool Lawn,Open,0,08/26/2021 04:15 PM
0,Cardio Equipment,Open,0,08/26/2021 04:15 PM
0,Spa,Open,0,08/26/2021 04:15 PM
0,Weight Equipment,Open,0,08/26/2021 04:15 PM
0,Outdoor Volleyball,Open,0,08/26/2021 04:15 PM
13,MAC Weight Room,Open,7,08/26/2021 07:05 PM
9,Lower Weight Room,Open,17,08/26/2021 07:05 PM
1,Pool,Open,4,08/26/2021 07:05 PM
0,Squash Court,Open,0,08/26/2021 07:11 PM
1,Pool Deck,Open,1,08/26/2021 07:05 PM
0,Racquetball Courts,Open,0,08/26/2021 07:11 PM
8,Power Training Platforms,Open,4,08/26/2021 07:05 PM
0,Pool Lawn,Open,0,08/26/2021 07:05 PM
0,Cardio Equipment,Open,0,08/26/2021 07:11 PM
2,Spa,Open,1,08/26/2021 07:05 PM
0,Weight Equipment,Open,0,08/26/2021 07:11 PM
0,Outdoor Volleyball,Open,0,08/26/2021 07:05 PM
13,MAC Weight Room,Open,7,08/26/2021 07:05 PM
9,Lower Weight Room,Open,17,08/26/2021 07:05 PM
1,Pool,Open,4,08/26/2021 07:05 PM
0,Squash Court,Open,0,08/26/2021 07:11 PM
1,Pool Deck,Open,1,08/26/2021 07:05 PM
0,Racquetball Courts,Open,0,08/26/2021 07:11 PM
8,Power Training Platforms,Open,4,08/26/2021 07:05 PM
0,Pool Lawn,Open,0,08/26/2021 07:05 PM
0,Cardio Equipment,Open,0,08/26/2021 07:11 PM
2,Spa,Open,1,08/26/2021 07:05 PM
0,Weight Equipment,Open,0,08/26/2021 07:11 PM
0,Outdoor Volleyball,Open,0,08/26/2021 07:05 PM
13,MAC Weight Room,Open,7,08/26/2021 07:05 PM
9,Lower Weight Room,Open,17,08/26/2021 07:05 PM
1,Pool,Open,4,08/26/2021 07:05 PM
0,Squash Court,Open,0,08/26/2021 07:11 PM
1,Pool Deck,Open,1,08/26/2021 07:05 PM
0,Racquetball Courts,Open,0,08/26/2021 07:11 PM
8,Power Training Platforms,Open,4,08/26/2021 07:05 PM
0,Pool Lawn,Open,0,08/26/2021 07:05 PM
0,Cardio Equipment,Open,0,08/26/2021 07:11 PM
2,Spa,Open,1,08/26/2021 07:05 PM
0,Weight Equipment,Open,0,08/26/2021 07:11 PM
0,Outdoor Volleyball,Open,0,08/26/2021 07:05 PM
7,MAC Weight Room,Open,4,08/27/2021 12:52 PM
3,Lower Weight Room,Open,5,08/27/2021 12:52 PM
0,Pool,Open,0,08/27/2021 12:52 PM
0,Squash Court,Open,0,08/27/2021 12:56 PM
0,Pool Deck,Open,0,08/27/2021 12:52 PM
2,Racquetball Courts,Open,2,08/27/2021 12:56 PM
2,Power Training Platforms,Open,1,08/27/2021 12:52 PM
0,Pool Lawn,Open,0,08/27/2021 12:52 PM
0,Cardio Equipment,Open,0,08/27/2021 12:56 PM
0,Spa,Open,0,08/27/2021 12:52 PM
0,Weight Equipment,Open,0,08/27/2021 12:56 PM
0,Outdoor Volleyball,Open,0,08/27/2021 12:52 PM
15,MAC Weight Room,Open,8,08/27/2021 01:46 PM
5,Lower Weight Room,Open,9,08/27/2021 01:46 PM
0,Pool,Open,1,08/27/2021 01:46 PM
0,Squash Court,Open,0,08/27/2021 02:12 PM
0,Pool Deck,Open,0,08/27/2021 01:46 PM
4,Racquetball Courts,Open,4,08/27/2021 02:12 PM
6,Power Training Platforms,Open,3,08/27/2021 01:46 PM
0,Pool Lawn,Open,0,08/27/2021 01:47 PM
0,Cardio Equipment,Open,0,08/27/2021 02:12 PM
0,Spa,Open,0,08/27/2021 01:47 PM
0,Weight Equipment,Open,0,08/27/2021 02:12 PM
0,Outdoor Volleyball,Open,0,08/27/2021 01:47 PM
9,MAC Weight Room,Open,5,08/27/2021 02:40 PM
6,Lower Weight Room,Open,11,08/27/2021 02:40 PM
0,Pool,Open,1,08/27/2021 02:40 PM
0,Squash Court,Open,0,08/27/2021 02:12 PM
0,Pool Deck,Open,0,08/27/2021 02:40 PM
4,Racquetball Courts,Open,4,08/27/2021 02:12 PM
0,Power Training Platforms,Open,0,08/27/2021 02:40 PM
0,Pool Lawn,Open,0,08/27/2021 02:40 PM
0,Cardio Equipment,Open,0,08/27/2021 02:12 PM
0,Spa,Open,0,08/27/2021 02:40 PM
0,Weight Equipment,Open,0,08/27/2021 02:12 PM
0,Outdoor Volleyball,Open,0,08/27/2021 02:40 PM
9,MAC Weight Room,Open,5,08/27/2021 02:40 PM
6,Lower Weight Room,Open,11,08/27/2021 02:40 PM
0,Pool,Open,1,08/27/2021 02:40 PM
0,Squash Court,Open,0,08/27/2021 02:12 PM
0,Pool Deck,Open,0,08/27/2021 02:40 PM
4,Racquetball Courts,Open,4,08/27/2021 03:10 PM
0,Power Training Platforms,Open,0,08/27/2021 02:40 PM
0,Pool Lawn,Open,0,08/27/2021 02:40 PM
0,Cardio Equipment,Open,0,08/27/2021 03:10 PM
0,Spa,Open,0,08/27/2021 02:40 PM
0,Weight Equipment,Open,0,08/27/2021 03:10 PM
0,Outdoor Volleyball,Open,0,08/27/2021 02:40 PM
16,MAC Weight Room,Open,9,08/27/2021 05:42 PM
4,Lower Weight Room,Open,7,08/27/2021 05:42 PM
0,Pool,Open,2,08/27/2021 05:42 PM
10,Squash Court,Open,2,08/27/2021 05:32 PM
1,Pool Deck,Open,2,08/27/2021 05:42 PM
0,Racquetball Courts,Open,0,08/27/2021 05:32 PM
4,Power Training Platforms,Open,2,08/27/2021 05:42 PM
0,Pool Lawn,Open,0,08/27/2021 05:42 PM
0,Cardio Equipment,Open,0,08/27/2021 05:32 PM
0,Spa,Open,0,08/27/2021 05:42 PM
0,Weight Equipment,Open,0,08/27/2021 05:32 PM
0,Outdoor Volleyball,Open,0,08/27/2021 05:42 PM
16,MAC Weight Room,Open,9,08/27/2021 05:42 PM
4,Lower Weight Room,Open,7,08/27/2021 05:42 PM
0,Pool,Open,2,08/27/2021 05:42 PM
10,Squash Court,Open,2,08/27/2021 05:32 PM
1,Pool Deck,Open,2,08/27/2021 05:42 PM
0,Racquetball Courts,Open,0,08/27/2021 05:32 PM
4,Power Training Platforms,Open,2,08/27/2021 05:42 PM
0,Pool Lawn,Open,0,08/27/2021 05:42 PM
0,Cardio Equipment,Open,0,08/27/2021 05:32 PM
0,Spa,Open,0,08/27/2021 05:42 PM
0,Weight Equipment,Open,0,08/27/2021 05:32 PM
0,Outdoor Volleyball,Open,0,08/27/2021 05:42 PM
16,MAC Weight Room,Open,9,08/27/2021 05:42 PM
4,Lower Weight Room,Open,7,08/27/2021 05:42 PM
0,Pool,Open,2,08/27/2021 05:42 PM
10,Squash Court,Open,2,08/27/2021 05:32 PM
1,Pool Deck,Open,2,08/27/2021 05:42 PM
0,Racquetball Courts,Open,0,08/27/2021 05:32 PM
4,Power Training Platforms,Open,2,08/27/2021 05:42 PM
0,Pool Lawn,Open,0,08/27/2021 05:42 PM
0,Cardio Equipment,Open,0,08/27/2021 05:32 PM
0,Spa,Open,0,08/27/2021 05:42 PM
0,Weight Equipment,Open,0,08/27/2021 05:32 PM
0,Outdoor Volleyball,Open,0,08/27/2021 05:42 PM
16,MAC Weight Room,Open,9,08/27/2021 05:42 PM
4,Lower Weight Room,Open,7,08/27/2021 05:42 PM
0,Pool,Open,2,08/27/2021 05:42 PM
10,Squash Court,Open,2,08/27/2021 05:32 PM
1,Pool Deck,Open,2,08/27/2021 05:42 PM
0,Racquetball Courts,Open,0,08/27/2021 05:32 PM
4,Power Training Platforms,Open,2,08/27/2021 05:42 PM
0,Pool Lawn,Open,0,08/27/2021 05:42 PM
0,Cardio Equipment,Open,0,08/27/2021 05:32 PM
0,Spa,Open,0,08/27/2021 05:42 PM
0,Weight Equipment,Open,0,08/27/2021 05:32 PM
0,Outdoor Volleyball,Open,0,08/27/2021 05:42 PM
16,MAC Weight Room,Open,9,08/27/2021 05:42 PM
4,Lower Weight Room,Open,7,08/27/2021 05:42 PM
0,Pool,Open,2,08/27/2021 05:42 PM
10,Squash Court,Open,2,08/27/2021 05:32 PM
1,Pool Deck,Open,2,08/27/2021 05:42 PM
0,Racquetball Courts,Open,0,08/27/2021 05:32 PM
4,Power Training Platforms,Open,2,08/27/2021 05:42 PM
0,Pool Lawn,Open,0,08/27/2021 05:42 PM
0,Cardio Equipment,Open,0,08/27/2021 05:32 PM
0,Spa,Open,0,08/27/2021 05:42 PM
0,Weight Equipment,Open,0,08/27/2021 05:32 PM
0,Outdoor Volleyball,Open,0,08/27/2021 05:42 PM
4,MAC Weight Room,Open,2,08/30/2021 02:35 PM
6,Lower Weight Room,Open,12,08/30/2021 02:35 PM
0,Pool,Open,1,08/30/2021 02:35 PM
0,Squash Court,Open,0,08/30/2021 02:28 PM
0,Pool Deck,Open,0,08/30/2021 02:35 PM
1,Racquetball Courts,Open,1,08/30/2021 02:28 PM
4,Power Training Platforms,Open,2,08/30/2021 02:35 PM
0,Pool Lawn,Open,0,08/30/2021 02:35 PM
0,Cardio Equipment,Open,0,08/30/2021 02:28 PM
0,Spa,Open,0,08/30/2021 02:35 PM
0,Weight Equipment,Open,0,08/30/2021 02:28 PM
0,Outdoor Volleyball,Open,0,08/30/2021 02:35 PM
25,MAC Weight Room,Open,14,08/30/2021 03:34 PM
6,Lower Weight Room,Open,12,08/30/2021 03:34 PM
0,Pool,Open,0,08/30/2021 03:34 PM
0,Squash Court,Open,0,08/30/2021 03:40 PM
0,Pool Deck,Open,0,08/30/2021 03:34 PM
0,Racquetball Courts,Open,0,08/30/2021 03:40 PM
4,Power Training Platforms,Open,2,08/30/2021 03:34 PM
0,Pool Lawn,Open,0,08/30/2021 03:34 PM
0,Cardio Equipment,Open,0,08/30/2021 03:40 PM
0,Spa,Open,0,08/30/2021 03:34 PM
0,Weight Equipment,Open,0,08/30/2021 03:40 PM
0,Outdoor Volleyball,Open,0,08/30/2021 03:35 PM
15,MAC Weight Room,Open,8,08/30/2021 04:14 PM
7,Lower Weight Room,Open,13,08/30/2021 04:14 PM
0,Pool,Open,2,08/30/2021 04:14 PM
0,Squash Court,Open,0,08/30/2021 03:40 PM
0,Pool Deck,Open,0,08/30/2021 04:14 PM
0,Racquetball Courts,Open,0,08/30/2021 03:40 PM
10,Power Training Platforms,Open,5,08/30/2021 04:14 PM
0,Pool Lawn,Open,0,08/30/2021 04:14 PM
0,Cardio Equipment,Open,0,08/30/2021 03:40 PM
0,Spa,Open,0,08/30/2021 04:14 PM
0,Weight Equipment,Open,0,08/30/2021 03:40 PM
0,Outdoor Volleyball,Open,0,08/30/2021 04:14 PM
24,MAC Weight Room,Open,13,08/30/2021 07:09 PM
10,Lower Weight Room,Open,20,08/30/2021 07:05 PM
2,Pool,Open,9,08/30/2021 07:05 PM
0,Squash Court,Open,0,08/30/2021 03:40 PM
0,Pool Deck,Open,0,08/30/2021 07:05 PM
0,Racquetball Courts,Open,0,08/30/2021 03:40 PM
0,Power Training Platforms,Open,0,08/30/2021 07:05 PM
0,Pool Lawn,Open,0,08/30/2021 07:05 PM
0,Cardio Equipment,Open,0,08/30/2021 03:40 PM
4,Spa,Open,2,08/30/2021 07:05 PM
0,Weight Equipment,Open,0,08/30/2021 03:40 PM
0,Outdoor Volleyball,Open,0,08/30/2021 07:05 PM
24,MAC Weight Room,Open,13,08/30/2021 07:09 PM
10,Lower Weight Room,Open,20,08/30/2021 07:05 PM
2,Pool,Open,9,08/30/2021 07:05 PM
0,Squash Court,Open,0,08/30/2021 03:40 PM
0,Pool Deck,Open,0,08/30/2021 07:05 PM
0,Racquetball Courts,Open,0,08/30/2021 03:40 PM
0,Power Training Platforms,Open,0,08/30/2021 07:05 PM
0,Pool Lawn,Open,0,08/30/2021 07:05 PM
0,Cardio Equipment,Open,0,08/30/2021 03:40 PM
4,Spa,Open,2,08/30/2021 07:05 PM
0,Weight Equipment,Open,0,08/30/2021 03:40 PM
0,Outdoor Volleyball,Open,0,08/30/2021 07:05 PM
24,MAC Weight Room,Open,13,08/30/2021 07:09 PM
10,Lower Weight Room,Open,20,08/30/2021 07:05 PM
2,Pool,Open,9,08/30/2021 07:05 PM
0,Squash Court,Open,0,08/30/2021 03:40 PM
0,Pool Deck,Open,0,08/30/2021 07:05 PM
0,Racquetball Courts,Open,0,08/30/2021 03:40 PM
0,Power Training Platforms,Open,0,08/30/2021 07:05 PM
0,Pool Lawn,Open,0,08/30/2021 07:05 PM
0,Cardio Equipment,Open,0,08/30/2021 03:40 PM
4,Spa,Open,2,08/30/2021 07:05 PM
0,Weight Equipment,Open,0,08/30/2021 03:40 PM
0,Outdoor Volleyball,Open,0,08/30/2021 07:05 PM
24,MAC Weight Room,Open,13,08/30/2021 07:09 PM
10,Lower Weight Room,Open,20,08/30/2021 07:05 PM
2,Pool,Open,9,08/30/2021 07:05 PM
0,Squash Court,Open,0,08/30/2021 03:40 PM
0,Pool Deck,Open,0,08/30/2021 07:05 PM
0,Racquetball Courts,Open,0,08/30/2021 03:40 PM
0,Power Training Platforms,Open,0,08/30/2021 07:05 PM
0,Pool Lawn,Open,0,08/30/2021 07:05 PM
0,Cardio Equipment,Open,0,08/30/2021 03:40 PM
4,Spa,Open,2,08/30/2021 07:05 PM
0,Weight Equipment,Open,0,08/30/2021 03:40 PM
0,Outdoor Volleyball,Open,0,08/30/2021 07:05 PM
24,MAC Weight Room,Open,13,08/30/2021 07:09 PM
10,Lower Weight Room,Open,20,08/30/2021 07:05 PM
2,Pool,Open,9,08/30/2021 07:05 PM
0,Squash Court,Open,0,08/30/2021 03:40 PM
0,Pool Deck,Open,0,08/30/2021 07:05 PM
0,Racquetball Courts,Open,0,08/30/2021 03:40 PM
0,Power Training Platforms,Open,0,08/30/2021 07:05 PM
0,Pool Lawn,Open,0,08/30/2021 07:05 PM
0,Cardio Equipment,Open,0,08/30/2021 03:40 PM
4,Spa,Open,2,08/30/2021 07:05 PM
0,Weight Equipment,Open,0,08/30/2021 03:40 PM
0,Outdoor Volleyball,Open,0,08/30/2021 07:05 PM
7,MAC Weight Room,Open,4,08/31/2021 12:20 PM
3,Lower Weight Room,Open,5,08/31/2021 12:20 PM
0,Pool,Open,0,08/31/2021 12:20 PM
0,Squash Court,Open,0,08/31/2021 12:08 PM
0,Pool Deck,Open,0,08/31/2021 12:20 PM
0,Racquetball Courts,Open,0,08/31/2021 12:08 PM
4,Power Training Platforms,Open,2,08/31/2021 12:20 PM
0,Pool Lawn,Open,0,08/31/2021 12:20 PM
0,Cardio Equipment,Open,0,08/31/2021 12:08 PM
0,Spa,Open,0,08/31/2021 12:20 PM
0,Weight Equipment,Open,0,08/31/2021 12:08 PM
0,Outdoor Volleyball,Open,0,08/31/2021 12:20 PM
7,MAC Weight Room,Open,4,08/31/2021 12:20 PM
3,Lower Weight Room,Open,5,08/31/2021 12:20 PM
0,Pool,Open,0,08/31/2021 12:20 PM
0,Squash Court,Open,0,08/31/2021 12:08 PM
0,Pool Deck,Open,0,08/31/2021 12:20 PM
0,Racquetball Courts,Open,0,08/31/2021 12:08 PM
4,Power Training Platforms,Open,2,08/31/2021 12:20 PM
0,Pool Lawn,Open,0,08/31/2021 12:20 PM
0,Cardio Equipment,Open,0,08/31/2021 12:08 PM
0,Spa,Open,0,08/31/2021 12:20 PM
0,Weight Equipment,Open,0,08/31/2021 12:08 PM
0,Outdoor Volleyball,Open,0,08/31/2021 12:20 PM
7,MAC Weight Room,Open,4,08/31/2021 12:20 PM
3,Lower Weight Room,Open,5,08/31/2021 12:20 PM
0,Pool,Open,0,08/31/2021 12:20 PM
0,Squash Court,Open,0,08/31/2021 01:08 PM
0,Pool Deck,Open,0,08/31/2021 12:20 PM
3,Racquetball Courts,Open,3,08/31/2021 01:08 PM
4,Power Training Platforms,Open,2,08/31/2021 12:20 PM
0,Pool Lawn,Open,0,08/31/2021 12:20 PM
0,Cardio Equipment,Open,0,08/31/2021 01:08 PM
0,Spa,Open,0,08/31/2021 12:20 PM
0,Weight Equipment,Open,0,08/31/2021 01:08 PM
0,Outdoor Volleyball,Open,0,08/31/2021 12:20 PM
20,MAC Weight Room,Open,11,08/31/2021 02:20 PM
5,Lower Weight Room,Open,9,08/31/2021 02:20 PM
0,Pool,Open,2,08/31/2021 02:20 PM
0,Squash Court,Open,0,08/31/2021 04:25 PM
0,Pool Deck,Open,0,08/31/2021 02:20 PM
0,Racquetball Courts,Open,0,08/31/2021 04:25 PM
10,Power Training Platforms,Open,5,08/31/2021 02:20 PM
0,Pool Lawn,Open,0,08/31/2021 02:20 PM
0,Cardio Equipment,Open,0,08/31/2021 04:25 PM
0,Spa,Open,0,08/31/2021 02:20 PM
0,Weight Equipment,Open,0,08/31/2021 04:25 PM
0,Outdoor Volleyball,Open,0,08/31/2021 02:20 PM
20,MAC Weight Room,Open,11,08/31/2021 02:20 PM
5,Lower Weight Room,Open,9,08/31/2021 02:20 PM
0,Pool,Open,2,08/31/2021 02:20 PM
0,Squash Court,Open,0,08/31/2021 04:25 PM
0,Pool Deck,Open,0,08/31/2021 02:20 PM
0,Racquetball Courts,Open,0,08/31/2021 04:25 PM
10,Power Training Platforms,Open,5,08/31/2021 02:20 PM
0,Pool Lawn,Open,0,08/31/2021 02:20 PM
0,Cardio Equipment,Open,0,08/31/2021 04:25 PM
0,Spa,Open,0,08/31/2021 02:20 PM
0,Weight Equipment,Open,0,08/31/2021 04:25 PM
0,Outdoor Volleyball,Open,0,08/31/2021 02:20 PM
20,MAC Weight Room,Open,11,08/31/2021 02:20 PM
5,Lower Weight Room,Open,9,08/31/2021 02:20 PM
0,Pool,Open,2,08/31/2021 02:20 PM
0,Squash Court,Open,0,08/31/2021 04:25 PM
0,Pool Deck,Open,0,08/31/2021 02:20 PM
0,Racquetball Courts,Open,0,08/31/2021 04:25 PM
10,Power Training Platforms,Open,5,08/31/2021 02:20 PM
0,Pool Lawn,Open,0,08/31/2021 02:20 PM
0,Cardio Equipment,Open,0,08/31/2021 04:25 PM
0,Spa,Open,0,08/31/2021 02:20 PM
0,Weight Equipment,Open,0,08/31/2021 04:25 PM
0,Outdoor Volleyball,Open,0,08/31/2021 02:20 PM
20,MAC Weight Room,Open,11,08/31/2021 02:20 PM
5,Lower Weight Room,Open,9,08/31/2021 02:20 PM
0,Pool,Open,2,08/31/2021 02:20 PM
0,Squash Court,Open,0,08/31/2021 06:05 PM
0,Pool Deck,Open,0,08/31/2021 02:20 PM
0,Racquetball Courts,Open,0,08/31/2021 06:05 PM
10,Power Training Platforms,Open,5,08/31/2021 02:20 PM
0,Pool Lawn,Open,0,08/31/2021 02:20 PM
0,Cardio Equipment,Open,0,08/31/2021 06:05 PM
0,Spa,Open,0,08/31/2021 02:20 PM
0,Weight Equipment,Open,0,08/31/2021 06:05 PM
0,Outdoor Volleyball,Open,0,08/31/2021 02:20 PM
22,MAC Weight Room,Open,12,08/31/2021 06:33 PM
5,Lower Weight Room,Open,10,08/31/2021 06:33 PM
0,Pool,Open,2,08/31/2021 02:20 PM
0,Squash Court,Open,0,08/31/2021 06:05 PM
0,Pool Deck,Open,0,08/31/2021 02:20 PM
0,Racquetball Courts,Open,0,08/31/2021 06:05 PM
10,Power Training Platforms,Open,5,08/31/2021 02:20 PM
0,Pool Lawn,Open,0,08/31/2021 02:20 PM
0,Cardio Equipment,Open,0,08/31/2021 06:05 PM
0,Spa,Open,0,08/31/2021 02:20 PM
0,Weight Equipment,Open,0,08/31/2021 06:05 PM
0,Outdoor Volleyball,Open,0,08/31/2021 02:20 PM
18,MAC Weight Room,Open,10,08/31/2021 07:11 PM
9,Lower Weight Room,Open,17,08/31/2021 07:11 PM
1,Pool,Open,4,08/31/2021 07:11 PM
0,Squash Court,Open,0,08/31/2021 06:05 PM
0,Pool Deck,Open,0,08/31/2021 07:11 PM
0,Racquetball Courts,Open,0,08/31/2021 06:05 PM
0,Power Training Platforms,Open,0,08/31/2021 07:11 PM
0,Pool Lawn,Open,0,08/31/2021 07:11 PM
0,Cardio Equipment,Open,0,08/31/2021 06:05 PM
0,Spa,Open,0,08/31/2021 07:11 PM
0,Weight Equipment,Open,0,08/31/2021 06:05 PM
0,Outdoor Volleyball,Open,0,08/31/2021 07:11 PM
18,MAC Weight Room,Open,10,08/31/2021 07:11 PM
9,Lower Weight Room,Open,17,08/31/2021 07:11 PM
1,Pool,Open,4,08/31/2021 07:11 PM
0,Squash Court,Open,0,08/31/2021 07:37 PM
0,Pool Deck,Open,0,08/31/2021 07:11 PM
0,Racquetball Courts,Open,0,08/31/2021 07:37 PM
0,Power Training Platforms,Open,0,08/31/2021 07:11 PM
0,Pool Lawn,Open,0,08/31/2021 07:11 PM
0,Cardio Equipment,Open,0,08/31/2021 07:37 PM
0,Spa,Open,0,08/31/2021 07:11 PM
0,Weight Equipment,Open,0,08/31/2021 07:37 PM
0,Outdoor Volleyball,Open,0,08/31/2021 07:11 PM
18,MAC Weight Room,Open,10,08/31/2021 07:11 PM
9,Lower Weight Room,Open,17,08/31/2021 07:11 PM
1,Pool,Open,4,08/31/2021 07:11 PM
0,Squash Court,Open,0,08/31/2021 07:37 PM
0,Pool Deck,Open,0,08/31/2021 07:11 PM
0,Racquetball Courts,Open,0,08/31/2021 07:37 PM
0,Power Training Platforms,Open,0,08/31/2021 07:11 PM
0,Pool Lawn,Open,0,08/31/2021 07:11 PM
0,Cardio Equipment,Open,0,08/31/2021 07:37 PM
0,Spa,Open,0,08/31/2021 07:11 PM
0,Weight Equipment,Open,0,08/31/2021 07:37 PM
0,Outdoor Volleyball,Open,0,08/31/2021 07:11 PM
18,MAC Weight Room,Open,10,08/31/2021 07:11 PM
9,Lower Weight Room,Open,17,08/31/2021 07:11 PM
1,Pool,Open,4,08/31/2021 07:11 PM
0,Squash Court,Open,0,08/31/2021 07:37 PM
0,Pool Deck,Open,0,08/31/2021 07:11 PM
0,Racquetball Courts,Open,0,08/31/2021 07:37 PM
0,Power Training Platforms,Open,0,08/31/2021 07:11 PM
0,Pool Lawn,Open,0,08/31/2021 07:11 PM
0,Cardio Equipment,Open,0,08/31/2021 07:37 PM
0,Spa,Open,0,08/31/2021 07:11 PM
0,Weight Equipment,Open,0,08/31/2021 07:37 PM
0,Outdoor Volleyball,Open,0,08/31/2021 07:11 PM
18,MAC Weight Room,Open,10,08/31/2021 07:11 PM
9,Lower Weight Room,Open,17,08/31/2021 07:11 PM
1,Pool,Open,4,08/31/2021 07:11 PM
0,Squash Court,Open,0,08/31/2021 07:37 PM
0,Pool Deck,Open,0,08/31/2021 07:11 PM
0,Racquetball Courts,Open,0,08/31/2021 07:37 PM
0,Power Training Platforms,Open,0,08/31/2021 07:11 PM
0,Pool Lawn,Open,0,08/31/2021 07:11 PM
0,Cardio Equipment,Open,0,08/31/2021 07:37 PM
0,Spa,Open,0,08/31/2021 07:11 PM
0,Weight Equipment,Open,0,08/31/2021 07:37 PM
0,Outdoor Volleyball,Open,0,08/31/2021 07:11 PM
18,MAC Weight Room,Open,10,08/31/2021 07:11 PM
9,Lower Weight Room,Open,17,08/31/2021 07:11 PM
1,Pool,Open,4,08/31/2021 07:11 PM
0,Squash Court,Open,0,08/31/2021 07:37 PM
0,Pool Deck,Open,0,08/31/2021 07:11 PM
0,Racquetball Courts,Open,0,08/31/2021 07:37 PM
0,Power Training Platforms,Open,0,08/31/2021 07:11 PM
0,Pool Lawn,Open,0,08/31/2021 07:11 PM
0,Cardio Equipment,Open,0,08/31/2021 07:37 PM
0,Spa,Open,0,08/31/2021 07:11 PM
0,Weight Equipment,Open,0,08/31/2021 07:37 PM
0,Outdoor Volleyball,Open,0,08/31/2021 07:11 PM
18,MAC Weight Room,Open,10,08/31/2021 07:11 PM
9,Lower Weight Room,Open,17,08/31/2021 07:11 PM
1,Pool,Open,4,08/31/2021 07:11 PM
0,Squash Court,Open,0,08/31/2021 07:37 PM
0,Pool Deck,Open,0,08/31/2021 07:11 PM
0,Racquetball Courts,Open,0,08/31/2021 07:37 PM
0,Power Training Platforms,Open,0,08/31/2021 07:11 PM
0,Pool Lawn,Open,0,08/31/2021 07:11 PM
0,Cardio Equipment,Open,0,08/31/2021 07:37 PM
0,Spa,Open,0,08/31/2021 07:11 PM
0,Weight Equipment,Open,0,08/31/2021 07:37 PM
0,Outdoor Volleyball,Open,0,08/31/2021 07:11 PM
7,MAC Weight Room,Open,4,09/01/2021 01:18 PM
3,Lower Weight Room,Open,6,09/01/2021 01:18 PM
0,Pool,Open,2,09/01/2021 01:18 PM
0,Squash Court,Open,0,08/31/2021 07:37 PM
0,Pool Deck,Open,0,09/01/2021 01:18 PM
0,Racquetball Courts,Open,0,08/31/2021 07:37 PM
2,Power Training Platforms,Open,1,09/01/2021 01:18 PM
1,Pool Lawn,Open,1,09/01/2021 01:18 PM
0,Cardio Equipment,Open,0,08/31/2021 07:37 PM
0,Spa,Open,0,09/01/2021 01:18 PM
0,Weight Equipment,Open,0,08/31/2021 07:37 PM
0,Outdoor Volleyball,Open,0,09/01/2021 01:18 PM
7,MAC Weight Room,Open,4,09/01/2021 01:18 PM
3,Lower Weight Room,Open,6,09/01/2021 01:18 PM
0,Pool,Open,2,09/01/2021 01:18 PM
0,Squash Court,Open,0,08/31/2021 07:37 PM
0,Pool Deck,Open,0,09/01/2021 01:18 PM
0,Racquetball Courts,Open,0,08/31/2021 07:37 PM
2,Power Training Platforms,Open,1,09/01/2021 01:18 PM
1,Pool Lawn,Open,1,09/01/2021 01:18 PM
0,Cardio Equipment,Open,0,08/31/2021 07:37 PM
0,Spa,Open,0,09/01/2021 01:18 PM
0,Weight Equipment,Open,0,08/31/2021 07:37 PM
0,Outdoor Volleyball,Open,0,09/01/2021 01:18 PM
7,MAC Weight Room,Open,4,09/01/2021 01:18 PM
3,Lower Weight Room,Open,6,09/01/2021 01:18 PM
0,Pool,Open,2,09/01/2021 01:18 PM
0,Squash Court,Open,0,08/31/2021 07:37 PM
0,Pool Deck,Open,0,09/01/2021 01:18 PM
0,Racquetball Courts,Open,0,08/31/2021 07:37 PM
2,Power Training Platforms,Open,1,09/01/2021 01:18 PM
1,Pool Lawn,Open,1,09/01/2021 01:18 PM
0,Cardio Equipment,Open,0,08/31/2021 07:37 PM
0,Spa,Open,0,09/01/2021 01:18 PM
0,Weight Equipment,Open,0,08/31/2021 07:37 PM
0,Outdoor Volleyball,Open,0,09/01/2021 01:18 PM
9,MAC Weight Room,Open,5,09/01/2021 03:35 PM
3,Lower Weight Room,Open,6,09/01/2021 03:35 PM
1,Pool,Open,3,09/01/2021 03:35 PM
10,Squash Court,Open,2,09/01/2021 07:11 PM
0,Pool Deck,Open,0,09/01/2021 03:35 PM
3,Racquetball Courts,Open,3,09/01/2021 07:11 PM
2,Power Training Platforms,Open,1,09/01/2021 03:35 PM
0,Pool Lawn,Open,0,09/01/2021 03:35 PM
0,Cardio Equipment,Open,0,09/01/2021 07:10 PM
0,Spa,Open,0,09/01/2021 03:35 PM
0,Weight Equipment,Open,0,09/01/2021 07:10 PM
0,Outdoor Volleyball,Open,0,09/01/2021 03:35 PM
9,MAC Weight Room,Open,5,09/01/2021 03:35 PM
3,Lower Weight Room,Open,6,09/01/2021 03:35 PM
1,Pool,Open,3,09/01/2021 03:35 PM
10,Squash Court,Open,2,09/01/2021 07:11 PM
0,Pool Deck,Open,0,09/01/2021 03:35 PM
3,Racquetball Courts,Open,3,09/01/2021 07:11 PM
2,Power Training Platforms,Open,1,09/01/2021 03:35 PM
0,Pool Lawn,Open,0,09/01/2021 03:35 PM
0,Cardio Equipment,Open,0,09/01/2021 07:10 PM
0,Spa,Open,0,09/01/2021 03:35 PM
0,Weight Equipment,Open,0,09/01/2021 07:10 PM
0,Outdoor Volleyball,Open,0,09/01/2021 03:35 PM
9,MAC Weight Room,Open,5,09/01/2021 03:35 PM
3,Lower Weight Room,Open,6,09/01/2021 03:35 PM
1,Pool,Open,3,09/01/2021 03:35 PM
10,Squash Court,Open,2,09/01/2021 07:11 PM
0,Pool Deck,Open,0,09/01/2021 03:35 PM
3,Racquetball Courts,Open,3,09/01/2021 07:11 PM
2,Power Training Platforms,Open,1,09/01/2021 03:35 PM
0,Pool Lawn,Open,0,09/01/2021 03:35 PM
0,Cardio Equipment,Open,0,09/01/2021 07:10 PM
0,Spa,Open,0,09/01/2021 03:35 PM
0,Weight Equipment,Open,0,09/01/2021 07:10 PM
0,Outdoor Volleyball,Open,0,09/01/2021 03:35 PM
9,MAC Weight Room,Open,5,09/01/2021 03:35 PM
3,Lower Weight Room,Open,6,09/01/2021 03:35 PM
1,Pool,Open,3,09/01/2021 03:35 PM
10,Squash Court,Open,2,09/01/2021 07:11 PM
0,Pool Deck,Open,0,09/01/2021 03:35 PM
3,Racquetball Courts,Open,3,09/01/2021 07:11 PM
2,Power Training Platforms,Open,1,09/01/2021 03:35 PM
0,Pool Lawn,Open,0,09/01/2021 03:35 PM
0,Cardio Equipment,Open,0,09/01/2021 07:10 PM
0,Spa,Open,0,09/01/2021 03:35 PM
0,Weight Equipment,Open,0,09/01/2021 07:10 PM
0,Outdoor Volleyball,Open,0,09/01/2021 03:35 PM
9,MAC Weight Room,Open,5,09/01/2021 03:35 PM
3,Lower Weight Room,Open,6,09/01/2021 03:35 PM
1,Pool,Open,3,09/01/2021 03:35 PM
10,Squash Court,Open,2,09/01/2021 07:11 PM
0,Pool Deck,Open,0,09/01/2021 03:35 PM
3,Racquetball Courts,Open,3,09/01/2021 07:11 PM
2,Power Training Platforms,Open,1,09/01/2021 03:35 PM
0,Pool Lawn,Open,0,09/01/2021 03:35 PM
0,Cardio Equipment,Open,0,09/01/2021 07:10 PM
0,Spa,Open,0,09/01/2021 03:35 PM
0,Weight Equipment,Open,0,09/01/2021 07:10 PM
0,Outdoor Volleyball,Open,0,09/01/2021 03:35 PM
9,MAC Weight Room,Open,5,09/01/2021 03:35 PM
3,Lower Weight Room,Open,6,09/01/2021 03:35 PM
1,Pool,Open,3,09/01/2021 03:35 PM
10,Squash Court,Open,2,09/01/2021 07:11 PM
0,Pool Deck,Open,0,09/01/2021 03:35 PM
3,Racquetball Courts,Open,3,09/01/2021 07:11 PM
2,Power Training Platforms,Open,1,09/01/2021 03:35 PM
0,Pool Lawn,Open,0,09/01/2021 03:35 PM
0,Cardio Equipment,Open,0,09/01/2021 07:10 PM
0,Spa,Open,0,09/01/2021 03:35 PM
0,Weight Equipment,Open,0,09/01/2021 07:10 PM
0,Outdoor Volleyball,Open,0,09/01/2021 03:35 PM
9,MAC Weight Room,Open,5,09/01/2021 03:35 PM
3,Lower Weight Room,Open,6,09/01/2021 03:35 PM
1,Pool,Open,3,09/01/2021 03:35 PM
10,Squash Court,Open,2,09/01/2021 07:11 PM
0,Pool Deck,Open,0,09/01/2021 03:35 PM
3,Racquetball Courts,Open,3,09/01/2021 07:11 PM
2,Power Training Platforms,Open,1,09/01/2021 03:35 PM
0,Pool Lawn,Open,0,09/01/2021 03:35 PM
0,Cardio Equipment,Open,0,09/01/2021 07:10 PM
0,Spa,Open,0,09/01/2021 03:35 PM
0,Weight Equipment,Open,0,09/01/2021 07:10 PM
0,Outdoor Volleyball,Open,0,09/01/2021 03:35 PM
9,MAC Weight Room,Open,5,09/01/2021 03:35 PM
3,Lower Weight Room,Open,6,09/01/2021 03:35 PM
1,Pool,Open,3,09/01/2021 03:35 PM
10,Squash Court,Open,2,09/01/2021 07:11 PM
0,Pool Deck,Open,0,09/01/2021 03:35 PM
3,Racquetball Courts,Open,3,09/01/2021 07:11 PM
2,Power Training Platforms,Open,1,09/01/2021 03:35 PM
0,Pool Lawn,Open,0,09/01/2021 03:35 PM
0,Cardio Equipment,Open,0,09/01/2021 07:10 PM
0,Spa,Open,0,09/01/2021 03:35 PM
0,Weight Equipment,Open,0,09/01/2021 07:10 PM
0,Outdoor Volleyball,Open,0,09/01/2021 03:35 PM
9,MAC Weight Room,Open,5,09/01/2021 03:35 PM
3,Lower Weight Room,Open,6,09/01/2021 03:35 PM
1,Pool,Open,3,09/01/2021 03:35 PM
10,Squash Court,Open,2,09/01/2021 07:11 PM
0,Pool Deck,Open,0,09/01/2021 03:35 PM
3,Racquetball Courts,Open,3,09/01/2021 07:11 PM
2,Power Training Platforms,Open,1,09/01/2021 03:35 PM
0,Pool Lawn,Open,0,09/01/2021 03:35 PM
0,Cardio Equipment,Open,0,09/01/2021 07:10 PM
0,Spa,Open,0,09/01/2021 03:35 PM
0,Weight Equipment,Open,0,09/01/2021 07:10 PM
0,Outdoor Volleyball,Open,0,09/01/2021 03:35 PM
9,MAC Weight Room,Open,5,09/01/2021 03:35 PM
3,Lower Weight Room,Open,6,09/01/2021 03:35 PM
1,Pool,Open,3,09/01/2021 03:35 PM
10,Squash Court,Open,2,09/01/2021 07:11 PM
0,Pool Deck,Open,0,09/01/2021 03:35 PM
3,Racquetball Courts,Open,3,09/01/2021 07:11 PM
2,Power Training Platforms,Open,1,09/01/2021 03:35 PM
0,Pool Lawn,Open,0,09/01/2021 03:35 PM
0,Cardio Equipment,Open,0,09/01/2021 07:10 PM
0,Spa,Open,0,09/01/2021 03:35 PM
0,Weight Equipment,Open,0,09/01/2021 07:10 PM
0,Outdoor Volleyball,Open,0,09/01/2021 03:35 PM
13,MAC Weight Room,Open,7,09/02/2021 01:37 PM
0,MPR E,Open,0,09/02/2021 01:49 PM
3,Lower Weight Room,Open,5,09/02/2021 01:37 PM
0,Pool,Open,0,09/02/2021 01:50 PM
0,Squash Court,Open,0,09/02/2021 01:49 PM
0,Pool Deck,Open,0,09/02/2021 01:37 PM
2,Racquetball Courts,Open,2,09/02/2021 01:49 PM
2,Power Training Platforms,Open,1,09/02/2021 01:37 PM
0,Pool Lawn,Open,0,09/02/2021 01:37 PM
0,Cardio Equipment,Open,0,09/02/2021 01:49 PM
0,Spa,Open,0,09/02/2021 01:37 PM
0,Weight Equipment,Open,0,09/02/2021 01:49 PM
0,Outdoor Volleyball,Open,0,09/02/2021 01:37 PM
13,MAC Weight Room,Open,7,09/02/2021 01:37 PM
0,MPR E,Open,0,09/02/2021 01:49 PM
3,Lower Weight Room,Open,5,09/02/2021 01:37 PM
0,Pool,Open,0,09/02/2021 01:50 PM
0,Squash Court,Open,0,09/02/2021 01:49 PM
0,Pool Deck,Open,0,09/02/2021 01:37 PM
2,Racquetball Courts,Open,2,09/02/2021 01:49 PM
2,Power Training Platforms,Open,1,09/02/2021 01:37 PM
0,Pool Lawn,Open,0,09/02/2021 01:37 PM
0,Cardio Equipment,Open,0,09/02/2021 01:49 PM
0,Spa,Open,0,09/02/2021 01:37 PM
0,Weight Equipment,Open,0,09/02/2021 01:49 PM
0,Outdoor Volleyball,Open,0,09/02/2021 01:37 PM
13,MAC Weight Room,Open,7,09/02/2021 01:37 PM
0,MPR E,Open,0,09/02/2021 01:49 PM
3,Lower Weight Room,Open,5,09/02/2021 01:37 PM
0,Pool,Open,0,09/02/2021 01:50 PM
0,Squash Court,Open,0,09/02/2021 01:49 PM
0,Pool Deck,Open,0,09/02/2021 01:37 PM
2,Racquetball Courts,Open,2,09/02/2021 01:49 PM
2,Power Training Platforms,Open,1,09/02/2021 01:37 PM
0,Pool Lawn,Open,0,09/02/2021 01:37 PM
0,Cardio Equipment,Open,0,09/02/2021 01:49 PM
0,Spa,Open,0,09/02/2021 01:37 PM
0,Weight Equipment,Open,0,09/02/2021 01:49 PM
0,Outdoor Volleyball,Open,0,09/02/2021 01:37 PM
2,MAC Weight Room,Open,1,09/02/2021 02:47 PM
0,MPR E,Open,0,09/02/2021 03:08 PM
3,Lower Weight Room,Open,5,09/02/2021 02:47 PM
0,Pool,Open,1,09/02/2021 02:47 PM
0,Squash Court,Open,0,09/02/2021 03:08 PM
0,Pool Deck,Open,0,09/02/2021 02:47 PM
2,Racquetball Courts,Open,2,09/02/2021 03:08 PM
2,Power Training Platforms,Open,1,09/02/2021 02:47 PM
0,Pool Lawn,Open,0,09/02/2021 02:47 PM
0,Cardio Equipment,Open,0,09/02/2021 03:08 PM
0,Spa,Open,0,09/02/2021 02:47 PM
0,Weight Equipment,Open,0,09/02/2021 03:08 PM
0,Outdoor Volleyball,Open,0,09/02/2021 02:47 PM
15,MAC Weight Room,Open,8,09/02/2021 03:40 PM
0,MPR E,Open,0,09/02/2021 03:08 PM
3,Lower Weight Room,Open,6,09/02/2021 03:40 PM
0,Pool,Open,1,09/02/2021 03:40 PM
0,Squash Court,Open,0,09/02/2021 03:08 PM
0,Pool Deck,Open,0,09/02/2021 03:40 PM
2,Racquetball Courts,Open,2,09/02/2021 03:08 PM
2,Power Training Platforms,Open,1,09/02/2021 03:40 PM
0,Pool Lawn,Open,0,09/02/2021 03:40 PM
0,Cardio Equipment,Open,0,09/02/2021 03:08 PM
0,Spa,Open,0,09/02/2021 03:40 PM
0,Weight Equipment,Open,0,09/02/2021 03:08 PM
0,Outdoor Volleyball,Open,0,09/02/2021 03:40 PM
24,MAC Weight Room,Open,13,09/02/2021 06:32 PM
0,MPR E,Open,0,09/02/2021 06:56 PM
10,Lower Weight Room,Open,19,09/02/2021 06:32 PM
1,Pool,Open,4,09/02/2021 06:32 PM
0,Squash Court,Open,0,09/02/2021 06:56 PM
0,Pool Deck,Open,0,09/02/2021 06:32 PM
0,Racquetball Courts,Open,0,09/02/2021 06:56 PM
0,Power Training Platforms,Open,0,09/02/2021 06:32 PM
0,Pool Lawn,Open,0,09/02/2021 06:32 PM
1,Cardio Equipment,Open,1,09/02/2021 06:56 PM
0,Spa,Open,0,09/02/2021 06:32 PM
0,Weight Equipment,Open,0,09/02/2021 06:56 PM
0,Outdoor Volleyball,Open,0,09/02/2021 06:32 PM
24,MAC Weight Room,Open,13,09/02/2021 06:32 PM
0,MPR E,Open,0,09/02/2021 06:56 PM
10,Lower Weight Room,Open,19,09/02/2021 06:32 PM
1,Pool,Open,4,09/02/2021 06:32 PM
0,Squash Court,Open,0,09/02/2021 06:56 PM
0,Pool Deck,Open,0,09/02/2021 06:32 PM
0,Racquetball Courts,Open,0,09/02/2021 06:56 PM
0,Power Training Platforms,Open,0,09/02/2021 06:32 PM
0,Pool Lawn,Open,0,09/02/2021 06:32 PM
1,Cardio Equipment,Open,1,09/02/2021 06:56 PM
0,Spa,Open,0,09/02/2021 06:32 PM
0,Weight Equipment,Open,0,09/02/2021 06:56 PM
0,Outdoor Volleyball,Open,0,09/02/2021 06:32 PM
24,MAC Weight Room,Open,13,09/02/2021 06:32 PM
0,MPR E,Open,0,09/02/2021 06:56 PM
10,Lower Weight Room,Open,19,09/02/2021 06:32 PM
1,Pool,Open,4,09/02/2021 06:32 PM
0,Squash Court,Open,0,09/02/2021 06:56 PM
0,Pool Deck,Open,0,09/02/2021 06:32 PM
0,Racquetball Courts,Open,0,09/02/2021 06:56 PM
0,Power Training Platforms,Open,0,09/02/2021 06:32 PM
0,Pool Lawn,Open,0,09/02/2021 06:32 PM
1,Cardio Equipment,Open,1,09/02/2021 06:56 PM
0,Spa,Open,0,09/02/2021 06:32 PM
0,Weight Equipment,Open,0,09/02/2021 06:56 PM
0,Outdoor Volleyball,Open,0,09/02/2021 06:32 PM
24,MAC Weight Room,Open,13,09/02/2021 06:32 PM
0,MPR E,Open,0,09/02/2021 06:56 PM
10,Lower Weight Room,Open,19,09/02/2021 06:32 PM
1,Pool,Open,4,09/02/2021 06:32 PM
0,Squash Court,Open,0,09/02/2021 06:56 PM
0,Pool Deck,Open,0,09/02/2021 06:32 PM
0,Racquetball Courts,Open,0,09/02/2021 06:56 PM
0,Power Training Platforms,Open,0,09/02/2021 06:32 PM
0,Pool Lawn,Open,0,09/02/2021 06:32 PM
1,Cardio Equipment,Open,1,09/02/2021 06:56 PM
0,Spa,Open,0,09/02/2021 06:32 PM
0,Weight Equipment,Open,0,09/02/2021 06:56 PM
0,Outdoor Volleyball,Open,0,09/02/2021 06:32 PM
24,MAC Weight Room,Open,13,09/02/2021 06:32 PM
0,MPR E,Open,0,09/02/2021 06:56 PM
10,Lower Weight Room,Open,19,09/02/2021 06:32 PM
1,Pool,Open,4,09/02/2021 06:32 PM
0,Squash Court,Open,0,09/02/2021 06:56 PM
0,Pool Deck,Open,0,09/02/2021 06:32 PM
0,Racquetball Courts,Open,0,09/02/2021 06:56 PM
0,Power Training Platforms,Open,0,09/02/2021 06:32 PM
0,Pool Lawn,Open,0,09/02/2021 06:32 PM
1,Cardio Equipment,Open,1,09/02/2021 06:56 PM
0,Spa,Open,0,09/02/2021 06:32 PM
0,Weight Equipment,Open,0,09/02/2021 06:56 PM
0,Outdoor Volleyball,Open,0,09/02/2021 06:32 PM
24,MAC Weight Room,Open,13,09/02/2021 06:32 PM
0,MPR E,Open,0,09/02/2021 06:56 PM
10,Lower Weight Room,Open,19,09/02/2021 06:32 PM
1,Pool,Open,4,09/02/2021 06:32 PM
0,Squash Court,Open,0,09/02/2021 06:56 PM
0,Pool Deck,Open,0,09/02/2021 06:32 PM
0,Racquetball Courts,Open,0,09/02/2021 06:56 PM
0,Power Training Platforms,Open,0,09/02/2021 06:32 PM
0,Pool Lawn,Open,0,09/02/2021 06:32 PM
1,Cardio Equipment,Open,1,09/02/2021 06:56 PM
0,Spa,Open,0,09/02/2021 06:32 PM
0,Weight Equipment,Open,0,09/02/2021 06:56 PM
0,Outdoor Volleyball,Open,0,09/02/2021 06:32 PM
24,MAC Weight Room,Open,13,09/02/2021 06:32 PM
0,MPR E,Open,0,09/02/2021 06:56 PM
10,Lower Weight Room,Open,19,09/02/2021 06:32 PM
1,Pool,Open,4,09/02/2021 06:32 PM
0,Squash Court,Open,0,09/02/2021 06:56 PM
0,Pool Deck,Open,0,09/02/2021 06:32 PM
0,Racquetball Courts,Open,0,09/02/2021 06:56 PM
0,Power Training Platforms,Open,0,09/02/2021 06:32 PM
0,Pool Lawn,Open,0,09/02/2021 06:32 PM
1,Cardio Equipment,Open,1,09/02/2021 06:56 PM
0,Spa,Open,0,09/02/2021 06:32 PM
0,Weight Equipment,Open,0,09/02/2021 06:56 PM
0,Outdoor Volleyball,Open,0,09/02/2021 06:32 PM
24,MAC Weight Room,Open,13,09/02/2021 06:32 PM
0,MPR E,Open,0,09/02/2021 06:56 PM
10,Lower Weight Room,Open,19,09/02/2021 06:32 PM
1,Pool,Open,4,09/02/2021 06:32 PM
0,Squash Court,Open,0,09/02/2021 06:56 PM
0,Pool Deck,Open,0,09/02/2021 06:32 PM
0,Racquetball Courts,Open,0,09/02/2021 06:56 PM
0,Power Training Platforms,Open,0,09/02/2021 06:32 PM
0,Pool Lawn,Open,0,09/02/2021 06:32 PM
1,Cardio Equipment,Open,1,09/02/2021 06:56 PM
0,Spa,Open,0,09/02/2021 06:32 PM
0,Weight Equipment,Open,0,09/02/2021 06:56 PM
0,Outdoor Volleyball,Open,0,09/02/2021 06:32 PM
24,MAC Weight Room,Open,13,09/02/2021 06:32 PM
0,MPR E,Open,0,09/02/2021 06:56 PM
10,Lower Weight Room,Open,19,09/02/2021 06:32 PM
1,Pool,Open,4,09/02/2021 06:32 PM
0,Squash Court,Open,0,09/02/2021 06:56 PM
0,Pool Deck,Open,0,09/02/2021 06:32 PM
0,Racquetball Courts,Open,0,09/02/2021 06:56 PM
0,Power Training Platforms,Open,0,09/02/2021 06:32 PM
0,Pool Lawn,Open,0,09/02/2021 06:32 PM
1,Cardio Equipment,Open,1,09/02/2021 06:56 PM
0,Spa,Open,0,09/02/2021 06:32 PM
0,Weight Equipment,Open,0,09/02/2021 06:56 PM
0,Outdoor Volleyball,Open,0,09/02/2021 06:32 PM
13,MAC Weight Room,Open,7,09/03/2021 01:08 PM
0,MPR E,Open,0,09/03/2021 01:06 PM
2,Lower Weight Room,Open,3,09/03/2021 01:08 PM
0,Pool,Open,1,09/03/2021 01:08 PM
0,Squash Court,Open,0,09/03/2021 01:06 PM
0,Pool Deck,Open,0,09/03/2021 01:08 PM
0,Racquetball Courts,Open,0,09/03/2021 01:06 PM
4,Power Training Platforms,Open,2,09/03/2021 01:08 PM
0,Pool Lawn,Open,0,09/03/2021 01:08 PM
0,Cardio Equipment,Open,0,09/03/2021 01:06 PM
0,Spa,Open,0,09/03/2021 01:08 PM
0,Weight Equipment,Open,0,09/03/2021 01:06 PM
0,Outdoor Volleyball,Open,0,09/03/2021 01:08 PM
22,MAC Weight Room,Open,12,09/10/2021 05:19 PM
0,MPR E,Open,0,09/10/2021 03:42 PM
14,Lower Weight Room,Open,28,09/10/2021 05:19 PM
0,MPR D,Open,0,09/10/2021 03:42 PM
1,Pool,Open,6,09/10/2021 05:19 PM
0,Squash Court,Open,0,09/10/2021 03:42 PM
0,Pool Deck,Open,0,09/10/2021 05:19 PM
2,Racquetball Courts,Open,2,09/10/2021 03:42 PM
0,Power Training Platforms,Open,0,09/10/2021 05:19 PM
0,Pool Lawn,Open,0,09/10/2021 05:19 PM
0,Cardio Equipment,Open,0,09/10/2021 03:42 PM
0,Spa,Open,0,09/10/2021 05:19 PM
0,Weight Equipment,Open,0,09/10/2021 03:42 PM
0,Outdoor Volleyball,Open,0,09/10/2021 05:19 PM
